[{"id":"user-image-yyy.jpg","publicUrl":"np://user.desktop.nicepage.com/Site_1473721451/images/yyy.jpg","size":31749,"fileName":"yyy.jpg","name":"yyy","width":1980,"height":1350,"thumbnail":{"url":"np://user.desktop.nicepage.com/Site_1473721451/images/thumbnails/yyy.jpg","width":250,"height":170},"originalUrl":"//images01.nicepage.com/c461c07a441a5d220e8feb1a/76dcaa3cb25559a09b76edf5/yyy.jpg","usages":["7503692"]},{"id":"user-image-ssssss.jpg","publicUrl":"np://user.desktop.nicepage.com/Site_1473721451/images/ssssss.jpg","size":153544,"fileName":"ssssss.jpg","name":"ssssss","width":1080,"height":735,"thumbnail":{"url":"np://user.desktop.nicepage.com/Site_1473721451/images/thumbnails/ssssss.jpg","width":250,"height":170},"originalUrl":"//images01.nicepage.com/c461c07a441a5d220e8feb1a/1335557df2ab5ecab97e8c93/ssssss.jpg","usages":["7503692"]},{"id":"user-image-Untitled-1-min.jpg","publicUrl":"np://user.desktop.nicepage.com/Site_1473721451/images/Untitled-1-min.jpg","size":112426,"fileName":"Untitled-1-min.jpg","name":"Untitled-1-min","width":1575,"height":977,"thumbnail":{"url":"np://user.desktop.nicepage.com/Site_1473721451/images/thumbnails/Untitled-1-min.jpg","width":250,"height":155},"originalUrl":"//images03.nicepage.com/c461c07a441a5d220e8feb1a/3cdc4934e89a53b0b1a913c9/Untitled-1-min.jpg","usages":["7503692"]},{"id":"user-image-simplebudget-logo-original-removebg-preview1.png","publicUrl":"np://user.desktop.nicepage.com/Site_1473721451/images/simplebudget-logo-original-removebg-preview1.png","size":7235,"fileName":"simplebudget-logo-original-removebg-preview1.png","name":"simplebudget-logo-original-removebg-preview1","width":362,"height":70,"thumbnail":{"url":"np://user.desktop.nicepage.com/Site_1473721451/images/thumbnails/simplebudget-logo-original-removebg-preview1.png","width":250,"height":48},"usages":[]}]