{"id":1473721451,"isReadOnly":false,"folder":"C:\\Users\\Anima\\Documents\\Nicepage\\Site_1473721451","items":[{"id":88741601,"status":2,"title":"Blog Template","order":1,"templateKey":"blog","customTemplate":false,"customTemplateFilename":null,"pageLinks":[],"dateCreated":"2022-12-04T05:16:47.056Z","dateUpdated":"2022-12-04T05:16:47.063Z","folderId":null,"pageName":"Blog Template"},{"id":255555822,"status":2,"title":"Post Template","order":2,"templateKey":"post","customTemplate":false,"customTemplateFilename":null,"pageLinks":[],"dateCreated":"2022-12-04T05:16:47.102Z","dateUpdated":"2022-12-04T05:16:47.106Z","folderId":null,"pageName":"Post Template"},{"id":1149423228,"status":2,"title":"Product List Template","order":3,"templateKey":"products","customTemplate":false,"customTemplateFilename":null,"pageLinks":[],"dateCreated":"2022-12-04T05:16:47.146Z","dateUpdated":"2022-12-04T05:16:47.149Z","folderId":null,"pageName":"Product List Template"},{"id":94823286,"status":2,"title":"Product Details Template","order":4,"templateKey":"product","customTemplate":false,"customTemplateFilename":null,"pageLinks":[],"dateCreated":"2022-12-04T05:16:47.182Z","dateUpdated":"2022-12-04T05:16:47.185Z","folderId":null,"pageName":"Product Details Template"},{"id":440405224,"status":2,"title":"Shopping Cart Template","order":5,"templateKey":"cart","customTemplate":false,"customTemplateFilename":null,"pageLinks":[],"dateCreated":"2022-12-04T05:16:47.219Z","dateUpdated":"2022-12-04T05:16:47.222Z","folderId":null,"pageName":"Shopping Cart Template"},{"id":992904642,"status":2,"title":"Checkout Template","order":6,"templateKey":"checkout","customTemplate":false,"customTemplateFilename":null,"pageLinks":[],"dateCreated":"2022-12-04T05:16:47.250Z","dateUpdated":"2022-12-04T05:16:47.253Z","folderId":null,"pageName":"Checkout Template"},{"id":1150130552,"status":2,"title":"Login Template","order":7,"templateKey":"login","customTemplate":false,"customTemplateFilename":null,"pageLinks":[],"dateCreated":"2022-12-04T05:16:47.281Z","dateUpdated":"2022-12-04T05:16:47.284Z","folderId":null,"pageName":"Login Template"},{"id":67178699,"status":2,"title":"Page Password Template","order":8,"templateKey":"password","customTemplate":false,"customTemplateFilename":null,"pageLinks":[],"dateCreated":"2022-12-04T05:16:47.322Z","dateUpdated":"2022-12-04T05:16:47.324Z","folderId":null,"pageName":"Page Password Template"},{"id":93949021,"status":2,"title":"404 Not Found Template","order":9,"templateKey":"404","customTemplate":false,"customTemplateFilename":null,"pageLinks":[],"dateCreated":"2022-12-04T05:16:47.355Z","dateUpdated":"2022-12-04T05:16:47.358Z","folderId":null,"pageName":"404 Not Found Template"},{"id":7503692,"status":2,"title":"Home","order":50,"templateKey":null,"customTemplate":false,"customTemplateFilename":null,"pageLinks":[],"dateCreated":"2022-12-08T23:11:35.798Z","dateUpdated":"2022-12-08T23:11:35.801Z","folderId":null,"pageName":"Home_7503692"}],"metaTags":null,"order":"65536","headHtml":null,"customCss":null,"headerHtml":"<section class=\"u-clearfix u-header u-white u-block-915a-1\" custom-posts-hash=\"[]\" data-style=\"header-imglogo-menu\" data-post-id=\"post7\" data-section-properties=\"{&quot;grid-spacing&quot;:&quot;0&quot;,&quot;align&quot;:&quot;left&quot;,&quot;stretch&quot;:true}\" id=\"sec-2485\" data-source=\"\" data-id=\"915a\" wfd-invisible=\"true\">\n  <div class=\"u-clearfix u-sheet u-block-915a-2\">\n    \n    \n  <a href=\"https://simplebudget.pro\" class=\"u-image u-logo u-block-915a-8\" data-brightness=\"\" data-image-width=\"362\" data-image-height=\"70\" title=\"Home\">\n      <img src=\"np://user.desktop.nicepage.com/Site_1473721451/images/simplebudget-logo-original-removebg-preview1.png?rand=0499\" class=\"u-logo-image u-block-915a-10\" alt=\"simplebudget-logo\">\n    </a><nav class=\"u-menu u-menu-one-level u-menu-open-right u-offcanvas u-block-915a-23\" data-responsive-from=\"XS\" data-submenu-level=\"on-click\">\n    <div class=\"menu-collapse\" style=\"font-size: 0.625rem; letter-spacing: 0px; font-weight: 700;\">\n        <a class=\"u-block-915a-34 u-button-style u-custom-border u-custom-border-color u-custom-borders u-custom-hover-color u-custom-left-right-menu-spacing u-custom-text-active-color u-custom-text-color u-custom-text-hover-color u-custom-text-shadow u-custom-top-bottom-menu-spacing u-nav-link\" href=\"#\" style=\"\"><svg class=\"u-svg-link\" preserveAspectRatio=\"xMidYMin slice\" viewBox=\"0 0 55 55\" style=\"\"><use xmlns:xlink=\"http://www.w3.org/1999/xlink\" xlink:href=\"#svg-7c68\"></use></svg><svg xmlns=\"http://www.w3.org/2000/svg\" xmlns:xlink=\"http://www.w3.org/1999/xlink\" version=\"1.1\" xml:space=\"preserve\" class=\"u-svg-content\" viewBox=\"0 0 55 55\" x=\"0px\" y=\"0px\" id=\"svg-7c68\" style=\"enable-background:new 0 0 55 55;\" data-color=\"#000000\"><path d=\"M55,27.5C55,12.337,42.663,0,27.5,0S0,12.337,0,27.5c0,8.009,3.444,15.228,8.926,20.258l-0.026,0.023l0.892,0.752\n\tc0.058,0.049,0.121,0.089,0.179,0.137c0.474,0.393,0.965,0.766,1.465,1.127c0.162,0.117,0.324,0.234,0.489,0.348\n\tc0.534,0.368,1.082,0.717,1.642,1.048c0.122,0.072,0.245,0.142,0.368,0.212c0.613,0.349,1.239,0.678,1.88,0.98\n\tc0.047,0.022,0.095,0.042,0.142,0.064c2.089,0.971,4.319,1.684,6.651,2.105c0.061,0.011,0.122,0.022,0.184,0.033\n\tc0.724,0.125,1.456,0.225,2.197,0.292c0.09,0.008,0.18,0.013,0.271,0.021C25.998,54.961,26.744,55,27.5,55\n\tc0.749,0,1.488-0.039,2.222-0.098c0.093-0.008,0.186-0.013,0.279-0.021c0.735-0.067,1.461-0.164,2.178-0.287\n\tc0.062-0.011,0.125-0.022,0.187-0.034c2.297-0.412,4.495-1.109,6.557-2.055c0.076-0.035,0.153-0.068,0.229-0.104\n\tc0.617-0.29,1.22-0.603,1.811-0.936c0.147-0.083,0.293-0.167,0.439-0.253c0.538-0.317,1.067-0.648,1.581-1\n\tc0.185-0.126,0.366-0.259,0.549-0.391c0.439-0.316,0.87-0.642,1.289-0.983c0.093-0.075,0.193-0.14,0.284-0.217l0.915-0.764\n\tl-0.027-0.023C51.523,42.802,55,35.55,55,27.5z M2,27.5C2,13.439,13.439,2,27.5,2S53,13.439,53,27.5\n\tc0,7.577-3.325,14.389-8.589,19.063c-0.294-0.203-0.59-0.385-0.893-0.537l-8.467-4.233c-0.76-0.38-1.232-1.144-1.232-1.993v-2.957\n\tc0.196-0.242,0.403-0.516,0.617-0.817c1.096-1.548,1.975-3.27,2.616-5.123c1.267-0.602,2.085-1.864,2.085-3.289v-3.545\n\tc0-0.867-0.318-1.708-0.887-2.369v-4.667c0.052-0.52,0.236-3.448-1.883-5.864C34.524,9.065,31.541,8,27.5,8\n\ts-7.024,1.065-8.867,3.168c-2.119,2.416-1.935,5.346-1.883,5.864v4.667c-0.568,0.661-0.887,1.502-0.887,2.369v3.545\n\tc0,1.101,0.494,2.128,1.34,2.821c0.81,3.173,2.477,5.575,3.093,6.389v2.894c0,0.816-0.445,1.566-1.162,1.958l-7.907,4.313\n\tc-0.252,0.137-0.502,0.297-0.752,0.476C5.276,41.792,2,35.022,2,27.5z\"></path></svg><span> Sign In</span></a>\n    </div>\n    <div class=\"u-custom-menu u-nav-container\">\n        <ul class=\"u-nav u-spacing-20 u-unstyled u-block-915a-24\"><li class=\"u-nav-item\"><a class=\"u-border-no-bottom u-border-no-left u-border-no-right u-border-no-top u-button-style u-nav-link u-text-active-palette-1-base u-text-grey-90 u-text-hover-palette-2-base\" href=\"https://simplebudget.pro\" style=\"padding: 10px;\">Sign In</a><div class=\"fake u-nav-popup u-block-915a-30\"><ul class=\"u-h-spacing-20 u-nav u-unstyled u-v-spacing-10 u-block-915a-31\"><li class=\"u-nav-item\"><a class=\"u-button-style u-nav-link u-white\" href=\"#\">Menu Item1</a></li><li class=\"u-nav-item\"><a class=\"u-button-style u-nav-link u-white\" href=\"#\">Menu Item2</a></li><li class=\"u-nav-item\"><a class=\"u-button-style u-nav-link u-white\" href=\"#\">Menu Item3</a></li></ul></div></li></ul>\n    </div>\n    <div class=\"u-custom-menu u-nav-container-collapse\">\n        <div class=\"u-black u-container-style u-inner-container-layout u-sidenav u-block-915a-27\">\n            <div class=\"u-inner-container-layout u-sidenav-overflow\">\n                <div class=\"u-menu-close u-block-915a-28\"></div>\n                <ul class=\"u-align-center u-nav u-popupmenu-items u-spacing-0 u-unstyled u-block-915a-29\"><li class=\"u-nav-item\"><a class=\"u-button-style u-nav-link\" href=\"https://simplebudget.pro\">Sign In</a><div class=\"fake u-nav-popup u-block-915a-32\"><ul class=\"u-h-spacing-20 u-nav u-unstyled u-v-spacing-10 u-block-915a-33\"><li class=\"u-nav-item\"><a class=\"u-button-style u-nav-link\" href=\"#\">Menu Item1</a></li><li class=\"u-nav-item\"><a class=\"u-button-style u-nav-link\" href=\"#\">Menu Item2</a></li><li class=\"u-nav-item\"><a class=\"u-button-style u-nav-link\" href=\"#\">Menu Item3</a></li></ul></div></li></ul>\n            </div>\n        </div>\n        <div class=\"u-black u-menu-overlay u-opacity u-opacity-70\"></div>\n    </div>\n</nav></div>\n  <style data-mode=\"XL\" wfd-invisible=\"true\">@media (min-width: 1200px){ .u-block-915a-1 {background-image: none}\n.u-block-915a-2 {min-height: 75px}\n.u-block-915a-8 {width: 186px; height: 36px; margin-top: 19.5px; margin-right: auto; margin-bottom: 0px; margin-left: 22px}\n.u-block-915a-10 {width: 100%; height: 100%}\n.u-block-915a-23 {margin-top: -36px; margin-right: 22.0003px; margin-bottom: 18.5px; margin-left: auto}\n.u-block-915a-24 {font-weight: 400; font-size: 1rem; letter-spacing: normal}\n.u-block-915a-29 {font-size: 1.25rem} }</style>\n  <style data-mode=\"LG\" wfd-invisible=\"true\">@media (max-width: 1199px) and (min-width: 992px){ .u-block-915a-1 {background-image: none}\n.u-block-915a-2 {min-height: 75px}\n.u-block-915a-8 {margin-top: 19.5px; margin-right: auto; margin-bottom: 0px; margin-left: 22px; width: 186px; height: 36px}\n.u-block-915a-10 {width: 100%; height: 100%}\n.u-block-915a-23 {margin-top: -36px; margin-right: 22px; margin-bottom: 18.5px; margin-left: auto}\n.u-block-915a-24 {font-size: 1rem; font-weight: 400; letter-spacing: normal}\n.u-block-915a-29 {font-size: 1.25rem} }</style>\n  <style data-mode=\"MD\" wfd-invisible=\"true\">@media (max-width: 991px) and (min-width: 768px){ .u-block-915a-1 {background-image: none}\n.u-block-915a-2 {min-height: 75px}\n.u-block-915a-8 {margin-top: 19.5px; margin-right: auto; margin-bottom: 0px; margin-left: 22px; width: 186px; height: 36px}\n.u-block-915a-10 {width: 100%; height: 100%}\n.u-block-915a-23 {margin-top: -36px; margin-right: 22px; margin-bottom: 18.5px; margin-left: auto}\n.u-block-915a-24 {font-size: 1rem; font-weight: 400; letter-spacing: normal}\n.u-block-915a-29 {font-size: 1.25rem} }</style>\n  <style data-mode=\"SM\" wfd-invisible=\"true\" data-visited=\"true\">@media (max-width: 767px) and (min-width: 576px){ .u-block-915a-1 {background-image: none}\n.u-block-915a-2 {min-height: 85px}\n.u-block-915a-8 {width: 186px; height: 36px; margin-top: 31.0782px; margin-right: auto; margin-bottom: 0px; margin-left: 0px}\n.u-block-915a-10 {width: 100%; height: 100%}\n.u-block-915a-23 {width: auto; margin-top: -40.0782px; margin-right: 13px; margin-bottom: 22px; margin-left: auto}\n.u-block-915a-24 {font-size: 1rem; font-weight: 700; letter-spacing: 0px}\n.u-block-915a-29 {font-size: 1.25rem} }</style>\n  <style data-mode=\"XS\" wfd-invisible=\"true\" data-visited=\"true\">@media (max-width: 575px){ .u-block-915a-1 {background-image: none}\n.u-block-915a-2 {min-height: 85px}\n.u-block-915a-8 {width: 186px; height: 36px; margin-top: 32.2657px; margin-right: auto; margin-bottom: 0px; margin-left: 0px}\n.u-block-915a-10 {width: 100%; height: 100%}\n.u-block-915a-23 {width: auto; margin-top: -33.2657px; margin-right: 0px; margin-bottom: 24px; margin-left: auto}\n.u-block-915a-24 {font-size: 0.625rem; letter-spacing: 0px; font-weight: 700}\n.u-block-915a-29 {font-size: 1.25rem} }</style>\n</section>","footerHtml":"<section class=\"u-align-center u-black u-clearfix u-footer u-block-6a7d-1\" custom-posts-hash=\"T\" data-style=\"footer-1-text\" data-post-id=\"post6\" data-section-properties=\"{&quot;grid-spacing&quot;:&quot;30&quot;,&quot;spacingAdditional&quot;:&quot;none&quot;,&quot;align&quot;:&quot;&quot;,&quot;stretch&quot;:true}\" id=\"sec-2692\" data-source=\"\" data-id=\"6a7d\" wfd-invisible=\"true\">\n  <div class=\"u-clearfix u-sheet u-block-6a7d-2\">\n    <p class=\"u-small-text u-text u-text-variant u-block-6a7d-6\">© 2022 SimpleBudget.<br><span style=\"font-style: italic;\">Designed by <span style=\"font-style: italic;\"><a href=\"https://kwistech.ca\" class=\"u-active-none u-border-none u-btn u-button-link u-button-style u-hover-none u-none u-text-palette-1-base u-block-6a7d-7\" target=\"_blank\">Kwistech</a></span></span></p>\n  </div>\n  <style data-mode=\"XL\" data-visited=\"true\" wfd-invisible=\"true\">@media (min-width: 1200px){ .u-block-6a7d-1 {background-image: none}\n.u-block-6a7d-2 {min-height: 50px}\n.u-block-6a7d-6 {font-size: 0.625rem; width: 417px; margin-top: 9px; margin-bottom: 9px; margin-left: auto; margin-right: auto}\n.u-block-6a7d-7 {background-image: none; padding-top: 0px; padding-bottom: 0px; padding-left: 0px; padding-right: 0px} }</style>\n  <style data-mode=\"LG\" wfd-invisible=\"true\" data-visited=\"true\">@media (max-width: 1199px) and (min-width: 992px){ .u-block-6a7d-1 {background-image: none}\n.u-block-6a7d-2 {min-height: 50px}\n.u-block-6a7d-6 {width: 417px; font-size: 0.625rem; margin-top: 9px; margin-left: auto; margin-right: auto; margin-bottom: 9px}\n.u-block-6a7d-7 {background-image: none; padding-top: 0px; padding-bottom: 0px; padding-left: 0px; padding-right: 0px} }</style>\n  <style data-mode=\"MD\" wfd-invisible=\"true\" data-visited=\"true\">@media (max-width: 991px) and (min-width: 768px){ .u-block-6a7d-1 {background-image: none}\n.u-block-6a7d-2 {min-height: 50px}\n.u-block-6a7d-6 {width: 417px; font-size: 0.625rem; margin-top: 9px; margin-bottom: 9px; margin-left: auto; margin-right: auto}\n.u-block-6a7d-7 {background-image: none; padding-top: 0px; padding-bottom: 0px; padding-left: 0px; padding-right: 0px} }</style>\n  <style data-mode=\"SM\" wfd-invisible=\"true\" data-visited=\"true\">@media (max-width: 767px) and (min-width: 576px){ .u-block-6a7d-1 {background-image: none}\n.u-block-6a7d-2 {min-height: 50px}\n.u-block-6a7d-6 {width: 417px; font-size: 0.625rem; margin-top: 9px; margin-bottom: 9px; margin-left: auto; margin-right: auto}\n.u-block-6a7d-7 {background-image: none; padding-top: 0px; padding-bottom: 0px; padding-left: 0px; padding-right: 0px} }</style>\n  <style data-mode=\"XS\" wfd-invisible=\"true\">@media (max-width: 575px){ .u-block-6a7d-1 {background-image: none}\n.u-block-6a7d-2 {min-height: 36px}\n.u-block-6a7d-6 {width: 340px; margin-top: 9px; margin-bottom: 9px; margin-left: auto; margin-right: auto; font-size: 0.625rem}\n.u-block-6a7d-7 {background-image: none; padding-top: 0px; padding-bottom: 0px; padding-left: 0px; padding-right: 0px} }</style>\n</section>","hideBacklink":null,"homePageId":7503692,"dateUpdated":1670543148121,"settings":"{\"colorScheme\":{\"bodyColors\":[\"#111111\",\"#ffffff\"],\"bgColor\":\"#ffffff\",\"colors\":[\"#29b7dd\",\"#3b065e\",\"#5d3be7\",\"#1c82b1\",\"#b9c1cc\"],\"shadingContrast\":\"body-alt-color\",\"whiteContrast\":\"body-color\",\"bgContrast\":\"body-color\",\"name\":\"u13\",\"customColors\":[]},\"fontScheme\":{\"name\":\"custom-font-family-1\",\"default\":true,\"fonts\":{\"heading\":\"Barlow\",\"text\":\"Open Sans, sans-serif\",\"accent\":\"Arial, sans-serif\",\"headingTitle\":\"Barlow\",\"textTitle\":\"Open Sans\"}},\"typography\":{\"name\":\"Normal\",\"isDefault\":true,\"title\":{\"font-weight\":\"400\",\"font-size\":4.5,\"line-height\":\"1_1\",\"margin-top\":20,\"margin-bottom\":20,\"SM\":{\"font-size\":3.75},\"XS\":{\"font-size\":3}},\"subtitle\":{\"font-weight\":\"400\",\"font-size\":2.25,\"line-height\":\"1_1\",\"margin-top\":20,\"margin-bottom\":20,\"XS\":{\"font-size\":1.5}},\"h1\":{\"font-weight\":\"400\",\"font-size\":3,\"line-height\":\"1_1\",\"margin-top\":20,\"margin-bottom\":20,\"XS\":{\"font-size\":1.875}},\"h2\":{\"font-weight\":\"400\",\"font-size\":2.25,\"line-height\":\"1_1\",\"margin-top\":20,\"margin-bottom\":20,\"XS\":{\"font-size\":1.5}},\"h3\":{\"font-weight\":\"400\",\"font-size\":1.875,\"line-height\":\"1_2\",\"margin-top\":20,\"margin-bottom\":20,\"XS\":{\"font-size\":1.5}},\"h4\":{\"font-weight\":\"400\",\"font-size\":1.5,\"line-height\":\"1_2\",\"margin-top\":20,\"margin-bottom\":20},\"h5\":{\"font-weight\":\"400\",\"font-size\":1.25,\"line-height\":\"1_2\",\"margin-top\":20,\"margin-bottom\":20},\"h6\":{\"font-weight\":\"400\",\"font-size\":1.125,\"line-height\":\"1_2\",\"margin-top\":20,\"margin-bottom\":20},\"largeText\":{\"font-size\":1.25,\"margin-top\":20,\"margin-bottom\":20},\"smallText\":{\"font-size\":0.875,\"margin-top\":20,\"margin-bottom\":20},\"text\":{\"margin-top\":20,\"margin-bottom\":20},\"hyperlink\":{\"text-color\":\"palette-1-base\"},\"link\":{},\"button\":{\"color\":\"palette-1-base\",\"margin-top\":20,\"margin-bottom\":20},\"blockquote\":{\"font-style\":\"italic\",\"indent\":20,\"border\":4,\"border-color\":\"palette-1-base\",\"margin-top\":20,\"margin-bottom\":20},\"metadata\":{\"margin-top\":20,\"margin-bottom\":20},\"list\":{\"margin-top\":20,\"margin-bottom\":20},\"orderedlist\":{\"margin-top\":20,\"margin-bottom\":20},\"postContent\":{\"margin-top\":20,\"margin-bottom\":20},\"theme\":{\"gradient\":\"\",\"image\":\"\",\"sheet-width-xl\":1140,\"sheet-width-lg\":940,\"sheet-width-md\":720,\"sheet-width-sm\":540,\"sheet-width-xs\":340},\"htmlBaseSize\":16},\"backToTop\":\"<span style=\\\"height: 46px; width: 46px; margin-left: 0px; margin-right: auto; margin-top: 0px; right: 20px; bottom: 30px; padding: 15px; background-image: none;\\\" class=\\\"u-back-to-top u-black u-icon u-icon-circle u-opacity u-opacity-85\\\" data-href=\\\"#\\\">\\n        <svg class=\\\"u-svg-link\\\" preserveAspectRatio=\\\"xMidYMin slice\\\" viewBox=\\\"0 0 551.13 551.13\\\">\\n            <use xmlns:xlink=\\\"http://www.w3.org/1999/xlink\\\" xlink:href=\\\"#svg-1d98\\\"></use>\\n        </svg>\\n        <svg class=\\\"u-svg-content\\\" enable-background=\\\"new 0 0 551.13 551.13\\\" viewBox=\\\"0 0 551.13 551.13\\\" xmlns=\\\"http://www.w3.org/2000/svg\\\" id=\\\"svg-1d98\\\">\\n            <path d=\\\"m275.565 189.451 223.897 223.897h51.668l-275.565-275.565-275.565 275.565h51.668z\\\"></path>\\n        </svg>\\n    </span>\",\"themeBackLinks\":\"{\\\"data-wp-back-link\\\":\\\"https://nicepage.com/wordpress-themes\\\",\\\"data-wp-back-link-title\\\":\\\"WordPress Theme\\\",\\\"data-jm-back-link\\\":\\\"https://nicepage.com/joomla-templates\\\",\\\"data-jm-back-link-title\\\":\\\"Free Joomla Templates\\\"}\",\"lang\":\"en\",\"langs\":[{\"id\":\"1\",\"name\":\"en\",\"title\":\"English\"}],\"id\":1473721451,\"title\":\"SimpleBudget\",\"homePageId\":\"7503692\",\"formServices\":{\"2dc1d8312f9cb1943e37dd85176bcf5c\":{\"id\":\"2dc1d8312f9cb1943e37dd85176bcf5c\",\"type\":\"email\",\"token\":\"f92e37473c55aef03f05889d3ff03ca1\",\"email\":\"john.kwisses@kwistech.ca\",\"isVerified\":true}},\"captchaSiteKey\":\"6LcA7lMjAAAAAGaJz-sICd6gJWN0KGAu8MrN-kON\",\"captchaSecretKey\":\"6LcA7lMjAAAAADDibjSeb-ovtTijEiO03Rx9-Y6y\",\"cookiesSection\":\"<section class=\\\"u-align-center u-block-28b7-1 u-clearfix u-cookies-consent u-palette-3-base\\\" custom-posts-hash=\\\"T\\\" style=\\\"background-image: none\\\" data-post-id=\\\"1\\\" data-section-properties=\\\"{&quot;stretch&quot;:true}\\\" data-id=\\\"28b7\\\" data-posts-content=\\\"[{'images':[],'maps':[],'videos':[],'icons':[],'textWidth':874,'textHeight':152,'id':1,'headingProp':'h3','textProp':'text'}]\\\" data-style=\\\"cookie-1\\\" id=\\\"sec-1853\\\" data-source=\\\"\\\">\\n  <div class=\\\"u-block-28b7-2 u-clearfix u-sheet\\\" style=\\\"min-height: 75px\\\" data-height-lg=\\\"158\\\" data-height-md=\\\"131\\\" data-height-sm=\\\"106\\\" data-height-xs=\\\"225\\\">\\n    <div class=\\\"u-block-28b7-7 u-clearfix u-expanded-width u-layout-wrap\\\" style=\\\"margin-top: -77px; margin-bottom: 0px\\\">\\n      <div class=\\\"u-gutter-0 u-layout\\\">\\n        <div class=\\\"u-layout-row\\\">\\n          <div class=\\\"u-block-28b7-8 u-container-style u-layout-cell u-left-cell u-size-43-md u-size-43-sm u-size-43-xs u-size-46-lg u-size-46-xl\\\" style=\\\"min-height: 152px\\\">\\n            <div class=\\\"u-block-28b7-9 u-container-layout\\\" style=\\\"padding-top: 6.5px; padding-bottom: 6.5px; padding-left: 22px; padding-right: 22px\\\">\\n              <h4 class=\\\"u-block-28b7-6 u-text u-text-default\\\" style=\\\"margin-top: 78px; margin-right: auto; margin-bottom: 0px; margin-left: 0px\\\">Cookies &amp; Privacy</h4>\\n              <p class=\\\"u-align-center-sm u-align-center-xs u-block-28b7-5 u-text u-text-default\\\" style=\\\"margin-top: 0px; margin-right: auto; margin-bottom: 0px; margin-left: 0px\\\">This website uses cookies to ensure you get the best experience on our website.</p>\\n            </div>\\n          </div>\\n          <div class=\\\"u-align-left u-block-28b7-10 u-container-style u-layout-cell u-right-cell u-size-14-lg u-size-14-xl u-size-17-md u-size-17-sm u-size-17-xs\\\" style=\\\"min-height: 152px\\\">\\n            <div class=\\\"u-block-28b7-11 u-container-layout u-valign-middle-sm u-valign-middle-xs\\\" style=\\\"padding-top: 13.5px; padding-bottom: 13.5px; padding-left: 30px; padding-right: 30px\\\">\\n              <a href=\\\"###\\\" class=\\\"u-block-28b7-3 u-btn u-btn-round u-button-confirm u-button-style u-palette-1-base u-radius-50\\\" style=\\\"margin-top: 80px; margin-right: auto; margin-bottom: -8.5px; margin-left: 0px; padding-top: 10px; padding-right: 61px; padding-bottom: 10px; padding-left: 60px\\\">Confirm</a>\\n            </div>\\n          </div>\\n        </div>\\n      </div>\\n    </div>\\n  </div>\\n  <style data-mode=\\\"XL\\\">@media (max-width: 0px) { .u-block-28b7-1 {background-image: none}\\n.u-block-28b7-2 {min-height: 75px}\\n.u-block-28b7-7 {margin-top: -77px; margin-bottom: 0px}\\n.u-block-28b7-8 {min-height: 152px}\\n.u-block-28b7-9 {padding-top: 6.5px; padding-bottom: 6.5px; padding-left: 22px; padding-right: 22px}\\n.u-block-28b7-6 {margin-top: 78px; margin-right: auto; margin-bottom: 0px; margin-left: 0px}\\n.u-block-28b7-5 {margin-top: 0px; margin-right: auto; margin-bottom: 0px; margin-left: 0px}\\n.u-block-28b7-10 {min-height: 152px}\\n.u-block-28b7-11 {padding-top: 13.5px; padding-bottom: 13.5px; padding-left: 30px; padding-right: 30px}\\n.u-block-28b7-3 {margin-top: 80px; margin-right: auto; margin-bottom: -8.5px; margin-left: 0px; padding-top: 10px; padding-right: 61px; padding-bottom: 10px; padding-left: 60px} }</style>\\n  <style data-mode=\\\"LG\\\" data-visited=\\\"true\\\">@media (max-width: 0px) { .u-block-28b7-1 {background-image: none}\\n.u-block-28b7-2 {min-height: 77px}\\n.u-block-28b7-7 {margin-top: -77px; margin-bottom: 10px}\\n.u-block-28b7-8 {min-height: 125px}\\n.u-block-28b7-9 {padding-top: 6.5px; padding-bottom: 6.5px; padding-left: 22px; padding-right: 22px}\\n.u-block-28b7-6 {margin-top: 78px; margin-right: 0px; margin-bottom: 0px; margin-left: 0px}\\n.u-block-28b7-5 {margin-top: 0px; margin-right: auto; margin-bottom: 0px; margin-left: 0px}\\n.u-block-28b7-10 {min-height: 125px}\\n.u-block-28b7-11 {padding-top: 13.5px; padding-bottom: 13.5px; padding-left: 30px; padding-right: 30px}\\n.u-block-28b7-3 {margin-top: 80px; margin-right: auto; margin-bottom: -8.5px; margin-left: 0px; padding-top: 10px; padding-right: 61px; padding-bottom: 10px; padding-left: 60px} }</style>\\n  <style data-mode=\\\"MD\\\" data-visited=\\\"true\\\">@media (max-width: 0px) { .u-block-28b7-1 {background-image: none}\\n.u-block-28b7-2 {min-height: 92px}\\n.u-block-28b7-7 {margin-top: -77px; margin-bottom: 0px}\\n.u-block-28b7-8 {min-height: 100px}\\n.u-block-28b7-9 {padding-top: 6.5px; padding-bottom: 6.5px; padding-left: 22px; padding-right: 22px}\\n.u-block-28b7-6 {margin-top: 78px; margin-right: 0px; margin-bottom: 0px; margin-left: 0px}\\n.u-block-28b7-5 {margin-top: 0px; margin-right: auto; margin-bottom: 0px; margin-left: 0px}\\n.u-block-28b7-10 {min-height: 169px}\\n.u-block-28b7-11 {padding-top: 13.5px; padding-bottom: 13.5px; padding-left: 11px; padding-right: 11px}\\n.u-block-28b7-3 {margin-top: 90px; margin-left: 0px; margin-right: 0px; margin-bottom: 0px; padding-top: 10px; padding-right: 61px; padding-bottom: 10px; padding-left: 60px} }</style>\\n  <style data-mode=\\\"SM\\\" data-visited=\\\"true\\\">@media (max-width: 0px) { .u-block-28b7-1 {background-image: none}\\n.u-block-28b7-2 {min-height: 158px}\\n.u-block-28b7-7 {margin-top: -78px; margin-bottom: 20px}\\n.u-block-28b7-8 {min-height: 183px}\\n.u-block-28b7-9 {padding-top: 13.5px; padding-bottom: 13.5px; padding-left: 10px; padding-right: 10px}\\n.u-block-28b7-6 {width: auto; margin-top: 71px; margin-left: auto; margin-right: auto; margin-bottom: 0px}\\n.u-block-28b7-5 {width: auto; margin-top: 7px; margin-left: 0px; margin-right: 0px; margin-bottom: 0px}\\n.u-block-28b7-10 {min-height: 33px}\\n.u-block-28b7-11 {padding-top: 0px; padding-bottom: 0px; padding-left: 0px; padding-right: 0px}\\n.u-block-28b7-3 {margin-top: -6px; margin-bottom: -6px; margin-left: auto; margin-right: 0px; padding-top: 10px; padding-right: 61px; padding-bottom: 10px; padding-left: 60px} }</style>\\n  <style data-mode=\\\"XS\\\" data-visited=\\\"true\\\">@media (max-width: 0px) { .u-block-28b7-1 {background-image: none}\\n.u-block-28b7-2 {min-height: 170px}\\n.u-block-28b7-7 {margin-top: -78px; margin-bottom: 40px}\\n.u-block-28b7-8 {min-height: 183px}\\n.u-block-28b7-9 {padding-top: 12.5px; padding-bottom: 12.5px; padding-left: 0px; padding-right: 0px}\\n.u-block-28b7-6 {width: auto; margin-top: 72px; margin-left: auto; margin-right: auto; margin-bottom: 0px}\\n.u-block-28b7-5 {width: auto; margin-top: 8px; margin-left: 0px; margin-right: 0px; margin-bottom: -7.5px}\\n.u-block-28b7-10 {min-height: 25px}\\n.u-block-28b7-11 {padding-top: 0px; padding-bottom: 0px; padding-left: 0px; padding-right: 0px}\\n.u-block-28b7-3 {margin-top: 0px; margin-left: auto; margin-right: 0px; margin-bottom: -20px; padding-top: 10px; padding-right: 61px; padding-bottom: 10px; padding-left: 60px} }</style>\\n</section>\",\"description\":\"Budgeting made simple.\",\"keywords\":\"SimpleBudget\",\"analytics\":\"\",\"googleTagManager\":\"\",\"googleOptimizeId\":\"\",\"requiredSaveCaptchaKey\":false,\"metaTags\":\"\",\"headHtml\":\"\",\"customCss\":\"\",\"themeAuthor\":\"Kwistech\",\"themeAuthorUrl\":\"https://kwistech.ca\",\"themeVersion\":\"1.0\",\"themeUrl\":\"\",\"themeTags\":\"SimpleBudget\",\"themeDescription\":\"Budgeting made simple.\",\"themeGenerator\":\"\",\"showBrand\":\"false\",\"favicon\":\"favicon4.png\",\"whiteLabelTitle\":\"Nicepage\",\"whiteLabelLogoSmall\":\"\",\"whiteLabelLogoBig\":\"\",\"whiteLabelAuthor\":\"Nicepage https://www.nicepage.com\",\"whiteLabelAuthorUrl\":\"https://nicepage.com/\",\"whiteLabelDescription\":\"Design websites with any images and texts in seconds!\",\"themeThumbnail\":\"\",\"cookies\":\"false\",\"cookieConfirmCode\":\"\",\"embedFonts\":\"true\",\"lazyLoading\":\"false\",\"country\":\"CA\",\"clientMode\":\"false\",\"disableOpenGraph\":\"false\",\"analyticsCode\":\"\",\"siteStyleCss\":\"\",\"publishNicePageCss\":\"\",\"publishHeaderTranslations\":{},\"publishFooterTranslations\":{},\"cookiesConsent\":{\"publishCookiesSection\":\"<section class=\\\"u-align-center u-clearfix u-cookies-consent u-palette-2-base u-cookies-consent\\\" id=\\\"sec-1853\\\">\\n      <div class=\\\"u-clearfix u-sheet u-valign-middle u-sheet-1\\\">\\n        <div class=\\\"u-clearfix u-expanded-width u-layout-wrap u-layout-wrap-1\\\">\\n          <div class=\\\"u-gutter-0 u-layout\\\">\\n            <div class=\\\"u-layout-row\\\">\\n              <div class=\\\"u-container-style u-layout-cell u-left-cell u-size-43-md u-size-43-sm u-size-43-xs u-size-46-lg u-size-46-xl u-layout-cell-1\\\">\\n                <div class=\\\"u-container-layout u-valign-middle u-container-layout-1\\\">\\n                  <h3 class=\\\"u-text u-text-default u-text-1\\\">Cookies &amp; Privacy</h3>\\n                  <p class=\\\"u-text u-text-default u-text-2\\\">This website uses cookies to ensure you get the best experience on our website.</p>\\n                </div>\\n              </div>\\n              <div class=\\\"u-align-left u-container-style u-layout-cell u-right-cell u-size-14-lg u-size-14-xl u-size-17-md u-size-17-sm u-size-17-xs u-layout-cell-2\\\">\\n                <div class=\\\"u-container-layout u-valign-middle-lg u-valign-middle-md u-valign-middle-xl u-valign-top-sm u-valign-top-xs u-container-layout-2\\\">\\n                  <a href=\\\"###\\\" class=\\\"u-btn u-button-confirm u-button-style u-palette-1-base u-btn-1\\\">Confirm</a>\\n                </div>\\n              </div>\\n            </div>\\n          </div>\\n        </div>\\n      </div>\\n    <style> .u-cookies-consent {\\n  background-image: none;\\n}\\n\\n.u-cookies-consent .u-sheet-1 {\\n  min-height: 212px;\\n}\\n\\n.u-cookies-consent .u-layout-wrap-1 {\\n  margin-top: 30px;\\n  margin-bottom: 30px;\\n}\\n\\n.u-cookies-consent .u-layout-cell-1 {\\n  min-height: 152px;\\n}\\n\\n.u-cookies-consent .u-container-layout-1 {\\n  padding: 30px 60px;\\n}\\n\\n.u-cookies-consent .u-text-1 {\\n  margin-top: 0;\\n  margin-right: 20px;\\n  margin-bottom: 0;\\n}\\n\\n.u-cookies-consent .u-text-2 {\\n  margin: 8px 20px 0 0;\\n}\\n\\n.u-cookies-consent .u-layout-cell-2 {\\n  min-height: 152px;\\n}\\n\\n.u-cookies-consent .u-container-layout-2 {\\n  padding: 30px;\\n}\\n\\n.u-cookies-consent .u-btn-1 {\\n  margin: 0 auto 0 0;\\n}\\n\\n@media (max-width: 1199px) {\\n  .u-cookies-consent .u-sheet-1 {\\n    min-height: 131px;\\n  }\\n\\n  .u-cookies-consent .u-layout-cell-1 {\\n    min-height: 125px;\\n  }\\n\\n  .u-cookies-consent .u-text-1 {\\n    margin-right: 0;\\n  }\\n\\n  .u-cookies-consent .u-text-2 {\\n    margin-right: 0;\\n  }\\n\\n  .u-cookies-consent .u-layout-cell-2 {\\n    min-height: 125px;\\n  }\\n}\\n\\n@media (max-width: 991px) {\\n  .u-cookies-consent .u-sheet-1 {\\n    min-height: 106px;\\n  }\\n\\n  .u-cookies-consent .u-layout-cell-1 {\\n    min-height: 100px;\\n  }\\n\\n  .u-cookies-consent .u-container-layout-1 {\\n    padding-left: 30px;\\n    padding-right: 30px;\\n  }\\n\\n  .u-cookies-consent .u-layout-cell-2 {\\n    min-height: 100px;\\n  }\\n}\\n\\n@media (max-width: 767px) {\\n  .u-cookies-consent .u-sheet-1 {\\n    min-height: 225px;\\n  }\\n\\n  .u-cookies-consent .u-layout-cell-1 {\\n    min-height: 154px;\\n  }\\n\\n  .u-cookies-consent .u-container-layout-1 {\\n    padding-left: 10px;\\n    padding-right: 10px;\\n    padding-bottom: 20px;\\n  }\\n\\n  .u-cookies-consent .u-layout-cell-2 {\\n    min-height: 65px;\\n  }\\n\\n  .u-cookies-consent .u-container-layout-2 {\\n    padding: 10px;\\n  }\\n}\\n\\n@media (max-width: 575px) {\\n  .u-cookies-consent .u-sheet-1 {\\n    min-height: 121px;\\n  }\\n\\n  .u-cookies-consent .u-layout-cell-1 {\\n    min-height: 100px;\\n  }\\n\\n  .u-cookies-consent .u-layout-cell-2 {\\n    min-height: 15px;\\n  }\\n}</style></section>\",\"hideCookies\":true,\"cookieConfirmCode\":\"\",\"cookiesSection\":\"<section class=\\\"u-align-center u-block-28b7-1 u-clearfix u-cookies-consent u-palette-2-base\\\" custom-posts-hash=\\\"T\\\" style=\\\"background-image: none\\\" data-post-id=\\\"1\\\" data-section-properties=\\\"{&quot;stretch&quot;:true}\\\" data-id=\\\"28b7\\\" data-posts-content=\\\"[{'images':[],'maps':[],'videos':[],'icons':[],'textWidth':874,'textHeight':152,'id':1,'headingProp':'h3','textProp':'text'}]\\\" data-style=\\\"cookie-1\\\" id=\\\"sec-1853\\\" data-source=\\\"\\\">\\n  <div class=\\\"u-block-28b7-2 u-clearfix u-sheet u-valign-middle\\\" style=\\\"min-height: 212px\\\" data-height-lg=\\\"158\\\" data-height-md=\\\"131\\\" data-height-sm=\\\"106\\\" data-height-xs=\\\"225\\\">\\n    <div class=\\\"u-block-28b7-7 u-clearfix u-expanded-width u-layout-wrap\\\" style=\\\"margin-top: 30px; margin-bottom: 30px\\\">\\n      <div class=\\\"u-gutter-0 u-layout\\\">\\n        <div class=\\\"u-layout-row\\\">\\n          <div class=\\\"u-block-28b7-8 u-container-style u-layout-cell u-left-cell u-size-43-md u-size-43-sm u-size-43-xs u-size-46-lg u-size-46-xl\\\" style=\\\"min-height: 152px\\\">\\n            <div class=\\\"u-block-28b7-9 u-container-layout u-valign-middle\\\" style=\\\"padding-top: 30px; padding-bottom: 30px; padding-left: 60px; padding-right: 60px\\\">\\n              <h3 class=\\\"u-block-28b7-6 u-text u-text-default\\\" style=\\\"margin-top: 0px; margin-right: 20px; margin-bottom: 0px\\\">Cookies &amp; Privacy</h3>\\n              <p class=\\\"u-block-28b7-5 u-text u-text-default\\\" style=\\\"margin-top: 8px; margin-right: 20px; margin-bottom: 0px; margin-left: 0px\\\">This website uses cookies to ensure you get the best experience on our website.</p>\\n            </div>\\n          </div>\\n          <div class=\\\"u-align-left u-block-28b7-10 u-container-style u-layout-cell u-right-cell u-size-14-lg u-size-14-xl u-size-17-md u-size-17-sm u-size-17-xs\\\" style=\\\"min-height: 152px\\\">\\n            <div class=\\\"u-block-28b7-11 u-container-layout u-valign-middle-lg u-valign-middle-md u-valign-middle-xl u-valign-top-sm u-valign-top-xs\\\" style=\\\"padding-top: 30px; padding-bottom: 30px; padding-left: 30px; padding-right: 30px\\\">\\n              <a href=\\\"###\\\" class=\\\"u-block-28b7-3 u-btn u-button-confirm u-button-style u-palette-1-base\\\" style=\\\"margin-top: 0px; margin-right: auto; margin-bottom: 0px; margin-left: 0px\\\">Confirm</a>\\n            </div>\\n          </div>\\n        </div>\\n      </div>\\n    </div>\\n  </div>\\n  <style data-mode=\\\"XL\\\" data-visited=\\\"true\\\">@media (max-width: 0px) { .u-block-28b7-1 {background-image: none}\\n.u-block-28b7-2 {min-height: 212px}\\n.u-block-28b7-7 {margin-top: 30px; margin-bottom: 30px}\\n.u-block-28b7-8 {min-height: 152px}\\n.u-block-28b7-9 {padding-top: 30px; padding-bottom: 30px; padding-left: 60px; padding-right: 60px}\\n.u-block-28b7-6 {margin-top: 0px; margin-right: 20px; margin-bottom: 0px}\\n.u-block-28b7-5 {margin-top: 8px; margin-right: 20px; margin-bottom: 0px; margin-left: 0px}\\n.u-block-28b7-10 {min-height: 152px}\\n.u-block-28b7-11 {padding-top: 30px; padding-bottom: 30px; padding-left: 30px; padding-right: 30px}\\n.u-block-28b7-3 {margin-top: 0px; margin-right: auto; margin-bottom: 0px; margin-left: 0px} }</style>\\n  <style data-mode=\\\"LG\\\">@media (max-width: 0px) { .u-block-28b7-1 {background-image: none}\\n.u-block-28b7-2 {min-height: 131px}\\n.u-block-28b7-7 {margin-top: 30px; margin-bottom: 30px}\\n.u-block-28b7-8 {min-height: 125px}\\n.u-block-28b7-9 {padding-top: 30px; padding-bottom: 30px; padding-left: 60px; padding-right: 60px}\\n.u-block-28b7-6 {margin-top: 0px; margin-right: 0px; margin-bottom: 0px}\\n.u-block-28b7-5 {margin-top: 8px; margin-right: 0px; margin-bottom: 0px; margin-left: 0px}\\n.u-block-28b7-10 {min-height: 125px}\\n.u-block-28b7-11 {padding-top: 30px; padding-bottom: 30px; padding-left: 30px; padding-right: 30px}\\n.u-block-28b7-3 {margin-top: 0px; margin-right: auto; margin-bottom: 0px; margin-left: 0px} }</style>\\n  <style data-mode=\\\"MD\\\" data-visited=\\\"true\\\">@media (max-width: 0px) { .u-block-28b7-1 {background-image: none}\\n.u-block-28b7-2 {min-height: 106px}\\n.u-block-28b7-7 {margin-top: 30px; margin-bottom: 30px}\\n.u-block-28b7-8 {min-height: 100px}\\n.u-block-28b7-9 {padding-top: 30px; padding-bottom: 30px; padding-left: 30px; padding-right: 30px}\\n.u-block-28b7-6 {margin-top: 0px; margin-right: 0px; margin-bottom: 0px}\\n.u-block-28b7-5 {margin-top: 8px; margin-right: 0px; margin-bottom: 0px; margin-left: 0px}\\n.u-block-28b7-10 {min-height: 100px}\\n.u-block-28b7-11 {padding-top: 30px; padding-bottom: 30px; padding-left: 30px; padding-right: 30px}\\n.u-block-28b7-3 {margin-top: 0px; margin-right: auto; margin-bottom: 0px; margin-left: 0px} }</style>\\n  <style data-mode=\\\"SM\\\" data-visited=\\\"true\\\">@media (max-width: 0px) { .u-block-28b7-1 {background-image: none}\\n.u-block-28b7-2 {min-height: 225px}\\n.u-block-28b7-7 {margin-top: 30px; margin-bottom: 30px}\\n.u-block-28b7-8 {min-height: 154px}\\n.u-block-28b7-9 {padding-top: 30px; padding-left: 10px; padding-right: 10px; padding-bottom: 20px}\\n.u-block-28b7-6 {margin-top: 0px; margin-right: 0px; margin-bottom: 0px}\\n.u-block-28b7-5 {margin-top: 8px; margin-right: 0px; margin-bottom: 0px; margin-left: 0px}\\n.u-block-28b7-10 {min-height: 65px}\\n.u-block-28b7-11 {padding-top: 10px; padding-bottom: 10px; padding-left: 10px; padding-right: 10px}\\n.u-block-28b7-3 {margin-top: 0px; margin-right: auto; margin-bottom: 0px; margin-left: 0px} }</style>\\n  <style data-mode=\\\"XS\\\" data-visited=\\\"true\\\">@media (max-width: 0px) { .u-block-28b7-1 {background-image: none}\\n.u-block-28b7-2 {min-height: 121px}\\n.u-block-28b7-7 {margin-top: 30px; margin-bottom: 30px}\\n.u-block-28b7-8 {min-height: 100px}\\n.u-block-28b7-9 {padding-top: 30px; padding-bottom: 20px; padding-left: 10px; padding-right: 10px}\\n.u-block-28b7-6 {margin-top: 0px; margin-right: 0px; margin-bottom: 0px}\\n.u-block-28b7-5 {margin-top: 8px; margin-right: 0px; margin-bottom: 0px; margin-left: 0px}\\n.u-block-28b7-10 {min-height: 15px}\\n.u-block-28b7-11 {padding-top: 10px; padding-bottom: 10px; padding-left: 10px; padding-right: 10px}\\n.u-block-28b7-3 {margin-top: 0px; margin-right: auto; margin-bottom: 0px; margin-left: 0px} }</style>\\n</section>\"}}","title":"SimpleBudget","siteStyleCss":"<style id=\"color-scheme\" color-scheme=\"u13\" color-style=\"multicolor-1\">.u-body {\n--none: transparent;\n--none-darker: transparent;\n--none-r: 255;\n--none-g: 255;\n--none-b: 255;\n--none-contrast: body-color;\n--none-contrast-darker: body-color;\n--none-text-color: var(--body-color);\n--transparent: transparent;\n--transparent-darker: transparent;\n--transparent-r: 255;\n--transparent-g: 255;\n--transparent-b: 255;\n--transparent-contrast: body-color;\n--transparent-contrast-darker: body-color;\n--transparent-text-color: var(--body-color);\n--body-color: #111111;\n--body-color-darker: #0f0f0f;\n--body-color-r: 17;\n--body-color-g: 17;\n--body-color-b: 17;\n--body-color-contrast: white;\n--body-color-contrast-darker: white;\n--body-color-text-color: var(--body-alt-color);\n--body-alt-color: #ffffff;\n--body-alt-color-darker: #e6e6e6;\n--body-alt-color-r: 255;\n--body-alt-color-g: 255;\n--body-alt-color-b: 255;\n--body-alt-color-contrast: black;\n--body-alt-color-contrast-darker: black;\n--body-alt-color-text-color: var(--body-color);\n--bg-color: #ffffff;\n--bg-color-darker: #e6e6e6;\n--bg-color-r: 255;\n--bg-color-g: 255;\n--bg-color-b: 255;\n--bg-color-contrast: black;\n--bg-color-contrast-darker: black;\n--bg-color-text-color: var(--body-color);\n--palette-1-base: #29b7dd;\n--palette-1-base-darker: #20a7cb;\n--palette-1-base-r: 41;\n--palette-1-base-g: 183;\n--palette-1-base-b: 221;\n--palette-1-base-contrast: white;\n--palette-1-base-contrast-darker: white;\n--palette-1-base-text-color: var(--body-alt-color);\n--palette-1-dark-3: #293133;\n--palette-1-dark-3-darker: #252c2e;\n--palette-1-dark-3-r: 41;\n--palette-1-dark-3-g: 49;\n--palette-1-dark-3-b: 51;\n--palette-1-dark-3-contrast: white;\n--palette-1-dark-3-contrast-darker: white;\n--palette-1-dark-3-text-color: var(--body-alt-color);\n--palette-1-dark-2: #40626c;\n--palette-1-dark-2-darker: #3a5861;\n--palette-1-dark-2-r: 64;\n--palette-1-dark-2-g: 98;\n--palette-1-dark-2-b: 108;\n--palette-1-dark-2-contrast: white;\n--palette-1-dark-2-contrast-darker: white;\n--palette-1-dark-2-text-color: var(--body-alt-color);\n--palette-1-dark-1: #408fa4;\n--palette-1-dark-1-darker: #3a8194;\n--palette-1-dark-1-r: 64;\n--palette-1-dark-1-g: 143;\n--palette-1-dark-1-b: 164;\n--palette-1-dark-1-contrast: white;\n--palette-1-dark-1-contrast-darker: white;\n--palette-1-dark-1-text-color: var(--body-alt-color);\n--palette-1: #29b7dd;\n--palette-1-darker: #20a7cb;\n--palette-1-r: 41;\n--palette-1-g: 183;\n--palette-1-b: 221;\n--palette-1-contrast: white;\n--palette-1-contrast-darker: white;\n--palette-1-text-color: var(--body-alt-color);\n--palette-1-light-1: #63cbe7;\n--palette-1-light-1-darker: #46c1e3;\n--palette-1-light-1-r: 99;\n--palette-1-light-1-g: 203;\n--palette-1-light-1-b: 231;\n--palette-1-light-1-contrast: black;\n--palette-1-light-1-contrast-darker: white;\n--palette-1-light-1-text-color: var(--body-color);\n--palette-1-light-2: #a3e1f1;\n--palette-1-light-2-darker: #80d6ec;\n--palette-1-light-2-r: 163;\n--palette-1-light-2-g: 225;\n--palette-1-light-2-b: 241;\n--palette-1-light-2-contrast: black;\n--palette-1-light-2-contrast-darker: black;\n--palette-1-light-2-text-color: var(--body-color);\n--palette-1-light-3: #e7f7fc;\n--palette-1-light-3-darker: #bce9f7;\n--palette-1-light-3-r: 231;\n--palette-1-light-3-g: 247;\n--palette-1-light-3-b: 252;\n--palette-1-light-3-contrast: black;\n--palette-1-light-3-contrast-darker: black;\n--palette-1-light-3-text-color: var(--body-color);\n--palette-2-base: #3b065e;\n--palette-2-base-darker: #350555;\n--palette-2-base-r: 59;\n--palette-2-base-g: 6;\n--palette-2-base-b: 94;\n--palette-2-base-contrast: white;\n--palette-2-base-contrast-darker: white;\n--palette-2-base-text-color: var(--body-alt-color);\n--palette-2-dark-3: #2f2933;\n--palette-2-dark-3-darker: #2a252e;\n--palette-2-dark-3-r: 47;\n--palette-2-dark-3-g: 41;\n--palette-2-dark-3-b: 51;\n--palette-2-dark-3-contrast: white;\n--palette-2-dark-3-contrast-darker: white;\n--palette-2-dark-3-text-color: var(--body-alt-color);\n--palette-2-dark-2: #381f49;\n--palette-2-dark-2-darker: #321c42;\n--palette-2-dark-2-r: 56;\n--palette-2-dark-2-g: 31;\n--palette-2-dark-2-b: 73;\n--palette-2-dark-2-contrast: white;\n--palette-2-dark-2-contrast-darker: white;\n--palette-2-dark-2-text-color: var(--body-alt-color);\n--palette-2-dark-1: #3b065e;\n--palette-2-dark-1-darker: #350555;\n--palette-2-dark-1-r: 59;\n--palette-2-dark-1-g: 6;\n--palette-2-dark-1-b: 94;\n--palette-2-dark-1-contrast: white;\n--palette-2-dark-1-contrast-darker: white;\n--palette-2-dark-1-text-color: var(--body-alt-color);\n--palette-2: #a33be8;\n--palette-2-darker: #9721e5;\n--palette-2-r: 163;\n--palette-2-g: 59;\n--palette-2-b: 232;\n--palette-2-contrast: white;\n--palette-2-contrast-darker: white;\n--palette-2-text-color: var(--body-alt-color);\n--palette-2-light-1: #bd72ef;\n--palette-2-light-1-darker: #ae52eb;\n--palette-2-light-1-r: 189;\n--palette-2-light-1-g: 114;\n--palette-2-light-1-b: 239;\n--palette-2-light-1-contrast: white;\n--palette-2-light-1-contrast-darker: white;\n--palette-2-light-1-text-color: var(--body-alt-color);\n--palette-2-light-2: #d9adf6;\n--palette-2-light-2-darker: #c887f2;\n--palette-2-light-2-r: 217;\n--palette-2-light-2-g: 173;\n--palette-2-light-2-b: 246;\n--palette-2-light-2-contrast: black;\n--palette-2-light-2-contrast-darker: white;\n--palette-2-light-2-text-color: var(--body-color);\n--palette-2-light-3: #f5eafd;\n--palette-2-light-3-darker: #e0bef9;\n--palette-2-light-3-r: 245;\n--palette-2-light-3-g: 234;\n--palette-2-light-3-b: 253;\n--palette-2-light-3-contrast: black;\n--palette-2-light-3-contrast-darker: black;\n--palette-2-light-3-text-color: var(--body-color);\n--palette-3-base: #5d3be7;\n--palette-3-base-darker: #4821e4;\n--palette-3-base-r: 93;\n--palette-3-base-g: 59;\n--palette-3-base-b: 231;\n--palette-3-base-contrast: white;\n--palette-3-base-contrast-darker: white;\n--palette-3-base-text-color: var(--body-alt-color);\n--palette-3-dark-3: #2b2933;\n--palette-3-dark-3-darker: #27252e;\n--palette-3-dark-3-r: 43;\n--palette-3-dark-3-g: 41;\n--palette-3-dark-3-b: 51;\n--palette-3-dark-3-contrast: white;\n--palette-3-dark-3-contrast-darker: white;\n--palette-3-dark-3-text-color: var(--body-alt-color);\n--palette-3-dark-2: #4d456f;\n--palette-3-dark-2-darker: #453e64;\n--palette-3-dark-2-r: 77;\n--palette-3-dark-2-g: 69;\n--palette-3-dark-2-b: 111;\n--palette-3-dark-2-contrast: white;\n--palette-3-dark-2-contrast-darker: white;\n--palette-3-dark-2-text-color: var(--body-alt-color);\n--palette-3-dark-1: #5e4bab;\n--palette-3-dark-1-darker: #55449a;\n--palette-3-dark-1-r: 94;\n--palette-3-dark-1-g: 75;\n--palette-3-dark-1-b: 171;\n--palette-3-dark-1-contrast: white;\n--palette-3-dark-1-contrast-darker: white;\n--palette-3-dark-1-text-color: var(--body-alt-color);\n--palette-3: #5d3be7;\n--palette-3-darker: #4821e4;\n--palette-3-r: 93;\n--palette-3-g: 59;\n--palette-3-b: 231;\n--palette-3-contrast: white;\n--palette-3-contrast-darker: white;\n--palette-3-text-color: var(--body-alt-color);\n--palette-3-light-1: #8b72ee;\n--palette-3-light-1-darker: #7153ea;\n--palette-3-light-1-r: 139;\n--palette-3-light-1-g: 114;\n--palette-3-light-1-b: 238;\n--palette-3-light-1-contrast: white;\n--palette-3-light-1-contrast-darker: white;\n--palette-3-light-1-text-color: var(--body-alt-color);\n--palette-3-light-2: #bbacf5;\n--palette-3-light-2-darker: #9d87f1;\n--palette-3-light-2-r: 187;\n--palette-3-light-2-g: 172;\n--palette-3-light-2-b: 245;\n--palette-3-light-2-contrast: white;\n--palette-3-light-2-contrast-darker: white;\n--palette-3-light-2-text-color: var(--body-alt-color);\n--palette-3-light-3: #eeeafd;\n--palette-3-light-3-darker: #cabef9;\n--palette-3-light-3-r: 238;\n--palette-3-light-3-g: 234;\n--palette-3-light-3-b: 253;\n--palette-3-light-3-contrast: black;\n--palette-3-light-3-contrast-darker: black;\n--palette-3-light-3-text-color: var(--body-color);\n--palette-4-base: #1c82b1;\n--palette-4-base-darker: #19759f;\n--palette-4-base-r: 28;\n--palette-4-base-g: 130;\n--palette-4-base-b: 177;\n--palette-4-base-contrast: white;\n--palette-4-base-contrast-darker: white;\n--palette-4-base-text-color: var(--body-alt-color);\n--palette-4-dark-3: #293033;\n--palette-4-dark-3-darker: #252b2e;\n--palette-4-dark-3-r: 41;\n--palette-4-dark-3-g: 48;\n--palette-4-dark-3-b: 51;\n--palette-4-dark-3-contrast: white;\n--palette-4-dark-3-contrast-darker: white;\n--palette-4-dark-3-text-color: var(--body-alt-color);\n--palette-4-dark-2: #375f72;\n--palette-4-dark-2-darker: #325667;\n--palette-4-dark-2-r: 55;\n--palette-4-dark-2-g: 95;\n--palette-4-dark-2-b: 114;\n--palette-4-dark-2-contrast: white;\n--palette-4-dark-2-contrast-darker: white;\n--palette-4-dark-2-text-color: var(--body-alt-color);\n--palette-4-dark-1: #1c82b1;\n--palette-4-dark-1-darker: #19759f;\n--palette-4-dark-1-r: 28;\n--palette-4-dark-1-g: 130;\n--palette-4-dark-1-b: 177;\n--palette-4-dark-1-contrast: white;\n--palette-4-dark-1-contrast-darker: white;\n--palette-4-dark-1-text-color: var(--body-alt-color);\n--palette-4: #37b2ea;\n--palette-4-darker: #1da8e7;\n--palette-4-r: 55;\n--palette-4-g: 178;\n--palette-4-b: 234;\n--palette-4-contrast: white;\n--palette-4-contrast-darker: white;\n--palette-4-text-color: var(--body-alt-color);\n--palette-4-light-1: #70c8f0;\n--palette-4-light-1-darker: #50bced;\n--palette-4-light-1-r: 112;\n--palette-4-light-1-g: 200;\n--palette-4-light-1-b: 240;\n--palette-4-light-1-contrast: black;\n--palette-4-light-1-contrast-darker: white;\n--palette-4-light-1-text-color: var(--body-color);\n--palette-4-light-2: #abdff7;\n--palette-4-light-2-darker: #85d0f3;\n--palette-4-light-2-r: 171;\n--palette-4-light-2-g: 223;\n--palette-4-light-2-b: 247;\n--palette-4-light-2-contrast: black;\n--palette-4-light-2-contrast-darker: black;\n--palette-4-light-2-text-color: var(--body-color);\n--palette-4-light-3: #eaf7fd;\n--palette-4-light-3-darker: #bee6f9;\n--palette-4-light-3-r: 234;\n--palette-4-light-3-g: 247;\n--palette-4-light-3-b: 253;\n--palette-4-light-3-contrast: black;\n--palette-4-light-3-contrast-darker: black;\n--palette-4-light-3-text-color: var(--body-color);\n--palette-5-base: #b9c1cc;\n--palette-5-base-darker: #a2adbc;\n--palette-5-base-r: 185;\n--palette-5-base-g: 193;\n--palette-5-base-b: 204;\n--palette-5-base-contrast: black;\n--palette-5-base-contrast-darker: white;\n--palette-5-base-text-color: var(--body-color);\n--palette-5-dark-3: #292d33;\n--palette-5-dark-3-darker: #25292e;\n--palette-5-dark-3-r: 41;\n--palette-5-dark-3-g: 45;\n--palette-5-dark-3-b: 51;\n--palette-5-dark-3-contrast: white;\n--palette-5-dark-3-contrast-darker: white;\n--palette-5-dark-3-text-color: var(--body-alt-color);\n--palette-5-dark-2: #555c66;\n--palette-5-dark-2-darker: #4d535c;\n--palette-5-dark-2-r: 85;\n--palette-5-dark-2-g: 92;\n--palette-5-dark-2-b: 102;\n--palette-5-dark-2-contrast: white;\n--palette-5-dark-2-contrast-darker: white;\n--palette-5-dark-2-text-color: var(--body-alt-color);\n--palette-5-dark-1: #858e99;\n--palette-5-dark-1-darker: #75808c;\n--palette-5-dark-1-r: 133;\n--palette-5-dark-1-g: 142;\n--palette-5-dark-1-b: 153;\n--palette-5-dark-1-contrast: white;\n--palette-5-dark-1-contrast-darker: white;\n--palette-5-dark-1-text-color: var(--body-alt-color);\n--palette-5: #b9c1cc;\n--palette-5-darker: #a2adbc;\n--palette-5-r: 185;\n--palette-5-g: 193;\n--palette-5-b: 204;\n--palette-5-contrast: black;\n--palette-5-contrast-darker: white;\n--palette-5-text-color: var(--body-color);\n--palette-5-light-1: #ccd3db;\n--palette-5-light-1-darker: #b3bec9;\n--palette-5-light-1-r: 204;\n--palette-5-light-1-g: 211;\n--palette-5-light-1-b: 219;\n--palette-5-light-1-contrast: black;\n--palette-5-light-1-contrast-darker: black;\n--palette-5-light-1-text-color: var(--body-color);\n--palette-5-light-2: #e0e5eb;\n--palette-5-light-2-darker: #c4ced9;\n--palette-5-light-2-r: 224;\n--palette-5-light-2-g: 229;\n--palette-5-light-2-b: 235;\n--palette-5-light-2-contrast: black;\n--palette-5-light-2-contrast-darker: black;\n--palette-5-light-2-text-color: var(--body-color);\n--palette-5-light-3: #f5f7fa;\n--palette-5-light-3-darker: #d4dde9;\n--palette-5-light-3-r: 245;\n--palette-5-light-3-g: 247;\n--palette-5-light-3-b: 250;\n--palette-5-light-3-contrast: black;\n--palette-5-light-3-contrast-darker: black;\n--palette-5-light-3-text-color: var(--body-color);\n--grey-40: #999999;\n--grey-40-darker: #8a8a8a;\n--grey-40-r: 153;\n--grey-40-g: 153;\n--grey-40-b: 153;\n--grey-40-contrast: white;\n--grey-40-contrast-darker: white;\n--grey-40-text-color: var(--body-alt-color);\n--grey-30: #b3b3b3;\n--grey-30-darker: #a1a1a1;\n--grey-30-r: 179;\n--grey-30-g: 179;\n--grey-30-b: 179;\n--grey-30-contrast: white;\n--grey-30-contrast-darker: white;\n--grey-30-text-color: var(--body-alt-color);\n--grey-25: #c0c0c0;\n--grey-25-darker: #adadad;\n--grey-25-r: 192;\n--grey-25-g: 192;\n--grey-25-b: 192;\n--grey-25-contrast: black;\n--grey-25-contrast-darker: white;\n--grey-25-text-color: var(--body-color);\n--white: #ffffff;\n--white-darker: #e6e6e6;\n--white-r: 255;\n--white-g: 255;\n--white-b: 255;\n--white-contrast: black;\n--white-contrast-darker: black;\n--white-text-color: var(--body-color);\n--grey-15: #d9d9d9;\n--grey-15-darker: #c3c3c3;\n--grey-15-r: 217;\n--grey-15-g: 217;\n--grey-15-b: 217;\n--grey-15-contrast: black;\n--grey-15-contrast-darker: black;\n--grey-15-text-color: var(--body-color);\n--grey-10: #e5e5e5;\n--grey-10-darker: #cecece;\n--grey-10-r: 229;\n--grey-10-g: 229;\n--grey-10-b: 229;\n--grey-10-contrast: black;\n--grey-10-contrast-darker: black;\n--grey-10-text-color: var(--body-color);\n--grey-5: #f2f2f2;\n--grey-5-darker: #dadada;\n--grey-5-r: 242;\n--grey-5-g: 242;\n--grey-5-b: 242;\n--grey-5-contrast: black;\n--grey-5-contrast-darker: black;\n--grey-5-text-color: var(--body-color);\n--grey-90: #1a1a1a;\n--grey-90-darker: #171717;\n--grey-90-r: 26;\n--grey-90-g: 26;\n--grey-90-b: 26;\n--grey-90-contrast: white;\n--grey-90-contrast-darker: white;\n--grey-90-text-color: var(--body-alt-color);\n--grey-80: #333333;\n--grey-80-darker: #2e2e2e;\n--grey-80-r: 51;\n--grey-80-g: 51;\n--grey-80-b: 51;\n--grey-80-contrast: white;\n--grey-80-contrast-darker: white;\n--grey-80-text-color: var(--body-alt-color);\n--grey-75: #404040;\n--grey-75-darker: #3a3a3a;\n--grey-75-r: 64;\n--grey-75-g: 64;\n--grey-75-b: 64;\n--grey-75-contrast: white;\n--grey-75-contrast-darker: white;\n--grey-75-text-color: var(--body-alt-color);\n--black: #000000;\n--black-darker: #000000;\n--black-r: 0;\n--black-g: 0;\n--black-b: 0;\n--black-contrast: white;\n--black-contrast-darker: white;\n--black-text-color: var(--body-alt-color);\n--grey-70: #4d4d4d;\n--grey-70-darker: #454545;\n--grey-70-r: 77;\n--grey-70-g: 77;\n--grey-70-b: 77;\n--grey-70-contrast: white;\n--grey-70-contrast-darker: white;\n--grey-70-text-color: var(--body-alt-color);\n--grey-60: #666666;\n--grey-60-darker: #5c5c5c;\n--grey-60-r: 102;\n--grey-60-g: 102;\n--grey-60-b: 102;\n--grey-60-contrast: white;\n--grey-60-contrast-darker: white;\n--grey-60-text-color: var(--body-alt-color);\n--grey-50: #808080;\n--grey-50-darker: #737373;\n--grey-50-r: 128;\n--grey-50-g: 128;\n--grey-50-b: 128;\n--grey-50-contrast: white;\n--grey-50-contrast-darker: white;\n--grey-50-text-color: var(--body-alt-color);\n--grey-dark-3: #212121;\n--grey-dark-3-darker: #1e1e1e;\n--grey-dark-3-r: 33;\n--grey-dark-3-g: 33;\n--grey-dark-3-b: 33;\n--grey-dark-3-contrast: white;\n--grey-dark-3-contrast-darker: white;\n--grey-dark-3-text-color: var(--body-alt-color);\n--grey-dark-2: #333333;\n--grey-dark-2-darker: #2e2e2e;\n--grey-dark-2-r: 51;\n--grey-dark-2-g: 51;\n--grey-dark-2-b: 51;\n--grey-dark-2-contrast: white;\n--grey-dark-2-contrast-darker: white;\n--grey-dark-2-text-color: var(--body-alt-color);\n--grey-dark-1: #454545;\n--grey-dark-1-darker: #3e3e3e;\n--grey-dark-1-r: 69;\n--grey-dark-1-g: 69;\n--grey-dark-1-b: 69;\n--grey-dark-1-contrast: white;\n--grey-dark-1-contrast-darker: white;\n--grey-dark-1-text-color: var(--body-alt-color);\n--grey: #b3b3b3;\n--grey-darker: #a1a1a1;\n--grey-r: 179;\n--grey-g: 179;\n--grey-b: 179;\n--grey-contrast: white;\n--grey-contrast-darker: white;\n--grey-text-color: var(--body-alt-color);\n--grey-light-1: #d9d9d9;\n--grey-light-1-darker: #c3c3c3;\n--grey-light-1-r: 217;\n--grey-light-1-g: 217;\n--grey-light-1-b: 217;\n--grey-light-1-contrast: black;\n--grey-light-1-contrast-darker: black;\n--grey-light-1-text-color: var(--body-color);\n--grey-light-2: #eeeeee;\n--grey-light-2-darker: #d6d6d6;\n--grey-light-2-r: 238;\n--grey-light-2-g: 238;\n--grey-light-2-b: 238;\n--grey-light-2-contrast: black;\n--grey-light-2-contrast-darker: black;\n--grey-light-2-text-color: var(--body-color);\n--grey-light-3: #f6f6f6;\n--grey-light-3-darker: #dddddd;\n--grey-light-3-r: 246;\n--grey-light-3-g: 246;\n--grey-light-3-b: 246;\n--grey-light-3-contrast: black;\n--grey-light-3-contrast-darker: black;\n--grey-light-3-text-color: var(--body-color);\n--color-1-base: #29b7dd;\n--color-1-base-darker: #20a7cb;\n--color-1-base-r: 41;\n--color-1-base-g: 183;\n--color-1-base-b: 221;\n--color-1-base-contrast: white;\n--color-1-base-contrast-darker: white;\n--color-1-base-text-color: var(--body-alt-color);\n--color-1-dark-3: #293133;\n--color-1-dark-3-darker: #252c2e;\n--color-1-dark-3-r: 41;\n--color-1-dark-3-g: 49;\n--color-1-dark-3-b: 51;\n--color-1-dark-3-contrast: white;\n--color-1-dark-3-contrast-darker: white;\n--color-1-dark-3-text-color: var(--body-alt-color);\n--color-1-dark-2: #40626c;\n--color-1-dark-2-darker: #3a5861;\n--color-1-dark-2-r: 64;\n--color-1-dark-2-g: 98;\n--color-1-dark-2-b: 108;\n--color-1-dark-2-contrast: white;\n--color-1-dark-2-contrast-darker: white;\n--color-1-dark-2-text-color: var(--body-alt-color);\n--color-1-dark-1: #408fa4;\n--color-1-dark-1-darker: #3a8194;\n--color-1-dark-1-r: 64;\n--color-1-dark-1-g: 143;\n--color-1-dark-1-b: 164;\n--color-1-dark-1-contrast: white;\n--color-1-dark-1-contrast-darker: white;\n--color-1-dark-1-text-color: var(--body-alt-color);\n--color-1: #29b7dd;\n--color-1-darker: #20a7cb;\n--color-1-r: 41;\n--color-1-g: 183;\n--color-1-b: 221;\n--color-1-contrast: white;\n--color-1-contrast-darker: white;\n--color-1-text-color: var(--body-alt-color);\n--color-1-light-1: #63cbe7;\n--color-1-light-1-darker: #46c1e3;\n--color-1-light-1-r: 99;\n--color-1-light-1-g: 203;\n--color-1-light-1-b: 231;\n--color-1-light-1-contrast: black;\n--color-1-light-1-contrast-darker: white;\n--color-1-light-1-text-color: var(--body-color);\n--color-1-light-2: #a3e1f1;\n--color-1-light-2-darker: #80d6ec;\n--color-1-light-2-r: 163;\n--color-1-light-2-g: 225;\n--color-1-light-2-b: 241;\n--color-1-light-2-contrast: black;\n--color-1-light-2-contrast-darker: black;\n--color-1-light-2-text-color: var(--body-color);\n--color-1-light-3: #e7f7fc;\n--color-1-light-3-darker: #bce9f7;\n--color-1-light-3-r: 231;\n--color-1-light-3-g: 247;\n--color-1-light-3-b: 252;\n--color-1-light-3-contrast: black;\n--color-1-light-3-contrast-darker: black;\n--color-1-light-3-text-color: var(--body-color);\n--color-2-base: #3b065e;\n--color-2-base-darker: #350555;\n--color-2-base-r: 59;\n--color-2-base-g: 6;\n--color-2-base-b: 94;\n--color-2-base-contrast: white;\n--color-2-base-contrast-darker: white;\n--color-2-base-text-color: var(--body-alt-color);\n--color-2-dark-3: #2f2933;\n--color-2-dark-3-darker: #2a252e;\n--color-2-dark-3-r: 47;\n--color-2-dark-3-g: 41;\n--color-2-dark-3-b: 51;\n--color-2-dark-3-contrast: white;\n--color-2-dark-3-contrast-darker: white;\n--color-2-dark-3-text-color: var(--body-alt-color);\n--color-2-dark-2: #381f49;\n--color-2-dark-2-darker: #321c42;\n--color-2-dark-2-r: 56;\n--color-2-dark-2-g: 31;\n--color-2-dark-2-b: 73;\n--color-2-dark-2-contrast: white;\n--color-2-dark-2-contrast-darker: white;\n--color-2-dark-2-text-color: var(--body-alt-color);\n--color-2-dark-1: #3b065e;\n--color-2-dark-1-darker: #350555;\n--color-2-dark-1-r: 59;\n--color-2-dark-1-g: 6;\n--color-2-dark-1-b: 94;\n--color-2-dark-1-contrast: white;\n--color-2-dark-1-contrast-darker: white;\n--color-2-dark-1-text-color: var(--body-alt-color);\n--color-2: #a33be8;\n--color-2-darker: #9721e5;\n--color-2-r: 163;\n--color-2-g: 59;\n--color-2-b: 232;\n--color-2-contrast: white;\n--color-2-contrast-darker: white;\n--color-2-text-color: var(--body-alt-color);\n--color-2-light-1: #bd72ef;\n--color-2-light-1-darker: #ae52eb;\n--color-2-light-1-r: 189;\n--color-2-light-1-g: 114;\n--color-2-light-1-b: 239;\n--color-2-light-1-contrast: white;\n--color-2-light-1-contrast-darker: white;\n--color-2-light-1-text-color: var(--body-alt-color);\n--color-2-light-2: #d9adf6;\n--color-2-light-2-darker: #c887f2;\n--color-2-light-2-r: 217;\n--color-2-light-2-g: 173;\n--color-2-light-2-b: 246;\n--color-2-light-2-contrast: black;\n--color-2-light-2-contrast-darker: white;\n--color-2-light-2-text-color: var(--body-color);\n--color-2-light-3: #f5eafd;\n--color-2-light-3-darker: #e0bef9;\n--color-2-light-3-r: 245;\n--color-2-light-3-g: 234;\n--color-2-light-3-b: 253;\n--color-2-light-3-contrast: black;\n--color-2-light-3-contrast-darker: black;\n--color-2-light-3-text-color: var(--body-color);\n--color-3-base: #5d3be7;\n--color-3-base-darker: #4821e4;\n--color-3-base-r: 93;\n--color-3-base-g: 59;\n--color-3-base-b: 231;\n--color-3-base-contrast: white;\n--color-3-base-contrast-darker: white;\n--color-3-base-text-color: var(--body-alt-color);\n--color-3-dark-3: #2b2933;\n--color-3-dark-3-darker: #27252e;\n--color-3-dark-3-r: 43;\n--color-3-dark-3-g: 41;\n--color-3-dark-3-b: 51;\n--color-3-dark-3-contrast: white;\n--color-3-dark-3-contrast-darker: white;\n--color-3-dark-3-text-color: var(--body-alt-color);\n--color-3-dark-2: #4d456f;\n--color-3-dark-2-darker: #453e64;\n--color-3-dark-2-r: 77;\n--color-3-dark-2-g: 69;\n--color-3-dark-2-b: 111;\n--color-3-dark-2-contrast: white;\n--color-3-dark-2-contrast-darker: white;\n--color-3-dark-2-text-color: var(--body-alt-color);\n--color-3-dark-1: #5e4bab;\n--color-3-dark-1-darker: #55449a;\n--color-3-dark-1-r: 94;\n--color-3-dark-1-g: 75;\n--color-3-dark-1-b: 171;\n--color-3-dark-1-contrast: white;\n--color-3-dark-1-contrast-darker: white;\n--color-3-dark-1-text-color: var(--body-alt-color);\n--color-3: #5d3be7;\n--color-3-darker: #4821e4;\n--color-3-r: 93;\n--color-3-g: 59;\n--color-3-b: 231;\n--color-3-contrast: white;\n--color-3-contrast-darker: white;\n--color-3-text-color: var(--body-alt-color);\n--color-3-light-1: #8b72ee;\n--color-3-light-1-darker: #7153ea;\n--color-3-light-1-r: 139;\n--color-3-light-1-g: 114;\n--color-3-light-1-b: 238;\n--color-3-light-1-contrast: white;\n--color-3-light-1-contrast-darker: white;\n--color-3-light-1-text-color: var(--body-alt-color);\n--color-3-light-2: #bbacf5;\n--color-3-light-2-darker: #9d87f1;\n--color-3-light-2-r: 187;\n--color-3-light-2-g: 172;\n--color-3-light-2-b: 245;\n--color-3-light-2-contrast: white;\n--color-3-light-2-contrast-darker: white;\n--color-3-light-2-text-color: var(--body-alt-color);\n--color-3-light-3: #eeeafd;\n--color-3-light-3-darker: #cabef9;\n--color-3-light-3-r: 238;\n--color-3-light-3-g: 234;\n--color-3-light-3-b: 253;\n--color-3-light-3-contrast: black;\n--color-3-light-3-contrast-darker: black;\n--color-3-light-3-text-color: var(--body-color);\n--color-4-base: #1c82b1;\n--color-4-base-darker: #19759f;\n--color-4-base-r: 28;\n--color-4-base-g: 130;\n--color-4-base-b: 177;\n--color-4-base-contrast: white;\n--color-4-base-contrast-darker: white;\n--color-4-base-text-color: var(--body-alt-color);\n--color-4-dark-3: #293033;\n--color-4-dark-3-darker: #252b2e;\n--color-4-dark-3-r: 41;\n--color-4-dark-3-g: 48;\n--color-4-dark-3-b: 51;\n--color-4-dark-3-contrast: white;\n--color-4-dark-3-contrast-darker: white;\n--color-4-dark-3-text-color: var(--body-alt-color);\n--color-4-dark-2: #375f72;\n--color-4-dark-2-darker: #325667;\n--color-4-dark-2-r: 55;\n--color-4-dark-2-g: 95;\n--color-4-dark-2-b: 114;\n--color-4-dark-2-contrast: white;\n--color-4-dark-2-contrast-darker: white;\n--color-4-dark-2-text-color: var(--body-alt-color);\n--color-4-dark-1: #1c82b1;\n--color-4-dark-1-darker: #19759f;\n--color-4-dark-1-r: 28;\n--color-4-dark-1-g: 130;\n--color-4-dark-1-b: 177;\n--color-4-dark-1-contrast: white;\n--color-4-dark-1-contrast-darker: white;\n--color-4-dark-1-text-color: var(--body-alt-color);\n--color-4: #37b2ea;\n--color-4-darker: #1da8e7;\n--color-4-r: 55;\n--color-4-g: 178;\n--color-4-b: 234;\n--color-4-contrast: white;\n--color-4-contrast-darker: white;\n--color-4-text-color: var(--body-alt-color);\n--color-4-light-1: #70c8f0;\n--color-4-light-1-darker: #50bced;\n--color-4-light-1-r: 112;\n--color-4-light-1-g: 200;\n--color-4-light-1-b: 240;\n--color-4-light-1-contrast: black;\n--color-4-light-1-contrast-darker: white;\n--color-4-light-1-text-color: var(--body-color);\n--color-4-light-2: #abdff7;\n--color-4-light-2-darker: #85d0f3;\n--color-4-light-2-r: 171;\n--color-4-light-2-g: 223;\n--color-4-light-2-b: 247;\n--color-4-light-2-contrast: black;\n--color-4-light-2-contrast-darker: black;\n--color-4-light-2-text-color: var(--body-color);\n--color-4-light-3: #eaf7fd;\n--color-4-light-3-darker: #bee6f9;\n--color-4-light-3-r: 234;\n--color-4-light-3-g: 247;\n--color-4-light-3-b: 253;\n--color-4-light-3-contrast: black;\n--color-4-light-3-contrast-darker: black;\n--color-4-light-3-text-color: var(--body-color);\n--color-5-base: #b9c1cc;\n--color-5-base-darker: #a2adbc;\n--color-5-base-r: 185;\n--color-5-base-g: 193;\n--color-5-base-b: 204;\n--color-5-base-contrast: black;\n--color-5-base-contrast-darker: white;\n--color-5-base-text-color: var(--body-color);\n--color-5-dark-3: #292d33;\n--color-5-dark-3-darker: #25292e;\n--color-5-dark-3-r: 41;\n--color-5-dark-3-g: 45;\n--color-5-dark-3-b: 51;\n--color-5-dark-3-contrast: white;\n--color-5-dark-3-contrast-darker: white;\n--color-5-dark-3-text-color: var(--body-alt-color);\n--color-5-dark-2: #555c66;\n--color-5-dark-2-darker: #4d535c;\n--color-5-dark-2-r: 85;\n--color-5-dark-2-g: 92;\n--color-5-dark-2-b: 102;\n--color-5-dark-2-contrast: white;\n--color-5-dark-2-contrast-darker: white;\n--color-5-dark-2-text-color: var(--body-alt-color);\n--color-5-dark-1: #858e99;\n--color-5-dark-1-darker: #75808c;\n--color-5-dark-1-r: 133;\n--color-5-dark-1-g: 142;\n--color-5-dark-1-b: 153;\n--color-5-dark-1-contrast: white;\n--color-5-dark-1-contrast-darker: white;\n--color-5-dark-1-text-color: var(--body-alt-color);\n--color-5: #b9c1cc;\n--color-5-darker: #a2adbc;\n--color-5-r: 185;\n--color-5-g: 193;\n--color-5-b: 204;\n--color-5-contrast: black;\n--color-5-contrast-darker: white;\n--color-5-text-color: var(--body-color);\n--color-5-light-1: #ccd3db;\n--color-5-light-1-darker: #b3bec9;\n--color-5-light-1-r: 204;\n--color-5-light-1-g: 211;\n--color-5-light-1-b: 219;\n--color-5-light-1-contrast: black;\n--color-5-light-1-contrast-darker: black;\n--color-5-light-1-text-color: var(--body-color);\n--color-5-light-2: #e0e5eb;\n--color-5-light-2-darker: #c4ced9;\n--color-5-light-2-r: 224;\n--color-5-light-2-g: 229;\n--color-5-light-2-b: 235;\n--color-5-light-2-contrast: black;\n--color-5-light-2-contrast-darker: black;\n--color-5-light-2-text-color: var(--body-color);\n--color-5-light-3: #f5f7fa;\n--color-5-light-3-darker: #d4dde9;\n--color-5-light-3-r: 245;\n--color-5-light-3-g: 247;\n--color-5-light-3-b: 250;\n--color-5-light-3-contrast: black;\n--color-5-light-3-contrast-darker: black;\n--color-5-light-3-text-color: var(--body-color);\n--white-contrast: var(--body-color);\n--shading-contrast: var(--body-alt-color);\n--bg-contrast: var(--body-color);\n}</style><style id=\"typography\" typography=\"Normal\">\n        .u-body\n        {\n        --title-font-weight: 400;\n        --title-font-size: 4.5rem;\n        --title-line-height: 1.1;\n        --title-margin-top: 20px;\n        --title-margin-bottom: 20px;\n        --subtitle-font-weight: 400;\n        --subtitle-font-size: 2.25rem;\n        --subtitle-line-height: 1.1;\n        --subtitle-margin-top: 20px;\n        --subtitle-margin-bottom: 20px;\n        --h1-font-weight: 400;\n        --h1-font-size: 3rem;\n        --h1-line-height: 1.1;\n        --h1-margin-top: 20px;\n        --h1-margin-bottom: 20px;\n        --h2-font-weight: 400;\n        --h2-font-size: 2.25rem;\n        --h2-line-height: 1.1;\n        --h2-margin-top: 20px;\n        --h2-margin-bottom: 20px;\n        --h3-font-weight: 400;\n        --h3-font-size: 1.875rem;\n        --h3-line-height: 1.2;\n        --h3-margin-top: 20px;\n        --h3-margin-bottom: 20px;\n        --h4-font-weight: 400;\n        --h4-font-size: 1.5rem;\n        --h4-line-height: 1.2;\n        --h4-margin-top: 20px;\n        --h4-margin-bottom: 20px;\n        --h5-font-weight: 400;\n        --h5-font-size: 1.25rem;\n        --h5-line-height: 1.2;\n        --h5-margin-top: 20px;\n        --h5-margin-bottom: 20px;\n        --h6-font-weight: 400;\n        --h6-font-size: 1.125rem;\n        --h6-line-height: 1.2;\n        --h6-margin-top: 20px;\n        --h6-margin-bottom: 20px;\n        --largeText-font-size: 1.25rem;\n        --largeText-margin-top: 20px;\n        --largeText-margin-bottom: 20px;\n        --smallText-font-size: 0.875rem;\n        --smallText-margin-top: 20px;\n        --smallText-margin-bottom: 20px;\n        --text-margin-top: 20px;\n        --text-margin-bottom: 20px;\n        --hyperlink-color: var(--palette-1-base);\n        --hyperlink-alt-text-color: var(--palette-1-light-2);\n        --hyperlink-hover-color: var(--palette-1-base-darker);\n        --hyperlink-hover-alt-text-color: var(--grey-30-darker);\n        --button-margin-top: 20px;\n        --button-margin-bottom: 20px;\n        --button-background-color: var(--palette-1-base);\n        --button-color: var(--white);\n        --button-alt-background-color: var(--palette-1-light-2);\n        --button-alt-color: var(--black);\n        --button-hover-background-color: var(--palette-1-base-darker);\n        --button-hover-color: var(--white-darker);\n        --button-hover-alt-background-color: var(--palette-1-light-2-darker);\n        --button-hover-alt-color: var(--white);\n        --button-hover-background-color: var(--palette-1-base-darker);\n        --button-hover-color: var(--white-darker);\n        --button-hover-alt-background-color: var(--palette-1-light-2-darker);\n        --button-hover-alt-color: var(--white);\n        --button-active-background-color: var(--palette-1-base-darker);\n        --button-active-color: var(--white-darker);\n        --button-active-alt-background-color: var(--palette-1-light-2-darker);\n        --button-active-alt-color: var(--white);\n        --blockquote-font-style: italic;\n        --blockquote-padding-left: 20px;\n        --blockquote-border-width: 4px;\n        --blockquote-border-color: var(--palette-1-base);\n        --blockquote-margin-top: 20px;\n        --blockquote-margin-bottom: 20px;\n        --metadata-margin-top: 20px;\n        --metadata-margin-bottom: 20px;\n        --list-margin-top: 20px;\n        --list-margin-bottom: 20px;\n        --orderedlist-margin-top: 20px;\n        --orderedlist-margin-bottom: 20px;\n        --postContent-margin-top: 20px;\n        --postContent-margin-bottom: 20px;\n        --theme-sheet-width-xl: 1140px;\n        --theme-sheet-width-lg: 940px;\n        --theme-sheet-width-md: 720px;\n        --theme-sheet-width-sm: 540px;\n        --theme-sheet-width-xs: 340px;\n        --title-font-size-sm: 3.75rem;\n        --title-font-size-xs: 3rem;\n        --subtitle-font-size-xs: 1.5rem;\n        --h1-font-size-xs: 1.875rem;\n        --h2-font-size-xs: 1.5rem;\n        --h3-font-size-xs: 1.5rem;\n        }\n\n        /** common-rules **/\n        h1.u-title\n        {\n        font-weight: var(--title-font-weight);\n        font-size: var(--title-font-size);\n        line-height: var(--title-line-height);\n        margin-top: var(--title-margin-top);\n        margin-bottom: var(--title-margin-bottom);\n        }\n        h2.u-subtitle\n        {\n        font-weight: var(--subtitle-font-weight);\n        font-size: var(--subtitle-font-size);\n        line-height: var(--subtitle-line-height);\n        margin-top: var(--subtitle-margin-top);\n        margin-bottom: var(--subtitle-margin-bottom);\n        }\n        h1:not(.u-title)\n        {\n        font-weight: var(--h1-font-weight);\n        font-size: var(--h1-font-size);\n        line-height: var(--h1-line-height);\n        margin-top: var(--h1-margin-top);\n        margin-bottom: var(--h1-margin-bottom);\n        }\n        h2:not(.u-subtitle)\n        {\n        font-weight: var(--h2-font-weight);\n        font-size: var(--h2-font-size);\n        line-height: var(--h2-line-height);\n        margin-top: var(--h2-margin-top);\n        margin-bottom: var(--h2-margin-bottom);\n        }\n        h3\n        {\n        font-weight: var(--h3-font-weight);\n        font-size: var(--h3-font-size);\n        line-height: var(--h3-line-height);\n        margin-top: var(--h3-margin-top);\n        margin-bottom: var(--h3-margin-bottom);\n        }\n        h4\n        {\n        font-weight: var(--h4-font-weight);\n        font-size: var(--h4-font-size);\n        line-height: var(--h4-line-height);\n        margin-top: var(--h4-margin-top);\n        margin-bottom: var(--h4-margin-bottom);\n        }\n        h5\n        {\n        font-weight: var(--h5-font-weight);\n        font-size: var(--h5-font-size);\n        line-height: var(--h5-line-height);\n        margin-top: var(--h5-margin-top);\n        margin-bottom: var(--h5-margin-bottom);\n        }\n        h6\n        {\n        font-weight: var(--h6-font-weight);\n        font-size: var(--h6-font-size);\n        line-height: var(--h6-line-height);\n        margin-top: var(--h6-margin-top);\n        margin-bottom: var(--h6-margin-bottom);\n        }\n        p.u-large-text\n        {\n        font-size: var(--largeText-font-size);\n        margin-top: var(--largeText-margin-top);\n        margin-bottom: var(--largeText-margin-bottom);\n        }\n        p.u-small-text\n        {\n        font-size: var(--smallText-font-size);\n        margin-top: var(--smallText-margin-top);\n        margin-bottom: var(--smallText-margin-bottom);\n        }\n        p:not(.u-text-variant)\n        {\n        margin-top: var(--text-margin-top);\n        margin-bottom: var(--text-margin-bottom);\n        }\n        .u-btn\n        {\n        margin-top: var(--button-margin-top);\n        margin-bottom: var(--button-margin-bottom);\n        }\n        blockquote\n        {\n        font-style: var(--blockquote-font-style);\n        padding-left: var(--blockquote-padding-left);\n        border-width: var(--blockquote-border-width);\n        margin-top: var(--blockquote-margin-top);\n        margin-bottom: var(--blockquote-margin-bottom);\n        }\n        .u-metadata\n        {\n        margin-top: var(--metadata-margin-top);\n        margin-bottom: var(--metadata-margin-bottom);\n        }\n        ul:not(.u-unstyled)\n        {\n        margin-top: var(--list-margin-top);\n        margin-bottom: var(--list-margin-bottom);\n        }\n        ol\n        {\n        margin-top: var(--orderedlist-margin-top);\n        margin-bottom: var(--orderedlist-margin-bottom);\n        }\n        .u-post-content\n        {\n        margin-top: var(--postContent-margin-top);\n        margin-bottom: var(--postContent-margin-bottom);\n        }\n        /** common-rules **/\n\n        /** publish-rules **/\n        /*begin-media rules*/\n        @media (max-width: 767px) {\n        h1.u-title\n        {\n        font-size: var(--title-font-size-sm);\n        }\n        }\n        @media (max-width: 575px) {\n        h1.u-title\n        {\n        font-size: var(--title-font-size-xs);\n        }\n        }\n        @media (max-width: 575px) {\n        h2.u-subtitle\n        {\n        font-size: var(--subtitle-font-size-xs);\n        }\n        }\n        @media (max-width: 575px) {\n        h1:not(.u-title)\n        {\n        font-size: var(--h1-font-size-xs);\n        }\n        }\n        @media (max-width: 575px) {\n        h2:not(.u-subtitle)\n        {\n        font-size: var(--h2-font-size-xs);\n        }\n        }\n        @media (max-width: 575px) {\n        h3\n        {\n        font-size: var(--h3-font-size-xs);\n        }\n        }\n        /*end-media rules*/\n        /** publish-rules **/\n\n        \n\n        /** cms-rules **/\n        /*begin-responsive rules*/\n        .u-sm h1.u-title\n        {\n        font-size: var(--title-font-size-sm);\n        }\n        .u-xs h1.u-title\n        {\n        font-size: var(--title-font-size-xs);\n        }\n        .u-xs h2.u-subtitle\n        {\n        font-size: var(--subtitle-font-size-xs);\n        }\n        .u-xs h1:not(.u-title)\n        {\n        font-size: var(--h1-font-size-xs);\n        }\n        .u-xs h2:not(.u-subtitle)\n        {\n        font-size: var(--h2-font-size-xs);\n        }\n        .u-xs h3\n        {\n        font-size: var(--h3-font-size-xs);\n        }\n        /*end-responsive rules*/\n        /** cms-rules **/\n\n        /** color-rules **/\n        .u-overlap.u-overlap-transparent:not(.u-overlap-contrast) .u-header :not(.u-nav-item) > a,\n        .u-gradient > .u-container-layout > a,\n        .u-image:not(.u-shading) > .u-container-layout > a,\n        a\n        {\n        color: var(--hyperlink-color);\n        }\n        .u-overlap.u-overlap-transparent:not(.u-overlap-contrast) .u-header :not(.u-nav-item) > a:hover,\n        .u-gradient > .u-container-layout > a:hover,\n        .u-image:not(.u-shading) > .u-container-layout > a:hover,\n        a:hover\n        {\n        color: var(--hyperlink-hover-color);\n        }\n        .u-overlap.u-overlap-transparent:not(.u-overlap-contrast) .u-header :not(.u-nav-item) > .u-btn,\n        .u-gradient > .u-container-layout > .u-btn,\n        .u-image:not(.u-shading) > .u-container-layout > .u-btn,\n        .u-btn\n        {\n        background-color: var(--button-background-color);\n        color: var(--button-color);\n        }\n        .u-overlap.u-overlap-transparent:not(.u-overlap-contrast) .u-header :not(.u-nav-item) > .u-btn:hover,\n        .u-gradient > .u-container-layout > .u-btn:hover,\n        .u-image:not(.u-shading) > .u-container-layout > .u-btn:hover,\n        .u-btn:hover\n        {\n        background-color: var(--button-hover-background-color);\n        color: var(--button-hover-color);\n        }\n        .u-overlap.u-overlap-transparent:not(.u-overlap-contrast) .u-header :not(.u-nav-item) > .u-btn:focus,\n        .u-gradient > .u-container-layout > .u-btn:focus,\n        .u-image:not(.u-shading) > .u-container-layout > .u-btn:focus,\n        .u-btn:focus\n        {\n        background-color: var(--button-hover-background-color);\n        color: var(--button-hover-color);\n        }\n        .u-overlap.u-overlap-transparent:not(.u-overlap-contrast) .u-header :not(.u-nav-item) > .u-btn:active,\n        .u-gradient > .u-container-layout > .u-btn:active,\n        .u-image:not(.u-shading) > .u-container-layout > .u-btn:active,\n        .u-btn:active\n        {\n        background-color: var(--button-active-background-color);\n        color: var(--button-active-color);\n        }\n        .u-overlap.u-overlap-transparent:not(.u-overlap-contrast) .u-header :not(.u-nav-item) > blockquote,\n        .u-gradient > .u-container-layout > blockquote,\n        .u-image:not(.u-shading) > .u-container-layout > blockquote,\n        blockquote\n        {\n        border-color: var(--blockquote-border-color);\n        }\n        /** color-rules **/\n\n        /** alt-color-rules **/\n        .u-body-color a,.u-palette-1-base a,.u-palette-1-dark-3 a,.u-palette-1-dark-2 a,.u-palette-1-dark-1 a,.u-palette-1 a,.u-palette-2-base a,.u-palette-2-dark-3 a,.u-palette-2-dark-2 a,.u-palette-2-dark-1 a,.u-palette-2 a,.u-palette-2-light-1 a,.u-palette-3-base a,.u-palette-3-dark-3 a,.u-palette-3-dark-2 a,.u-palette-3-dark-1 a,.u-palette-3 a,.u-palette-3-light-1 a,.u-palette-3-light-2 a,.u-palette-4-base a,.u-palette-4-dark-3 a,.u-palette-4-dark-2 a,.u-palette-4-dark-1 a,.u-palette-4 a,.u-palette-5-dark-3 a,.u-palette-5-dark-2 a,.u-palette-5-dark-1 a,.u-grey-40 a,.u-grey-30 a,.u-grey-90 a,.u-grey-80 a,.u-grey-75 a,.u-black a,.u-grey-70 a,.u-grey-60 a,.u-grey-50 a,.u-grey-dark-3 a,.u-grey-dark-2 a,.u-grey-dark-1 a,.u-grey a,.u-shading a,.u-overlap-contrast .u-header a:not(.u-nav-link):not(.u-btn)\n        {\n        color: var(--hyperlink-alt-text-color);\n        }\n        .u-body-color a:hover,.u-palette-1-base a:hover,.u-palette-1-dark-3 a:hover,.u-palette-1-dark-2 a:hover,.u-palette-1-dark-1 a:hover,.u-palette-1 a:hover,.u-palette-2-base a:hover,.u-palette-2-dark-3 a:hover,.u-palette-2-dark-2 a:hover,.u-palette-2-dark-1 a:hover,.u-palette-2 a:hover,.u-palette-2-light-1 a:hover,.u-palette-3-base a:hover,.u-palette-3-dark-3 a:hover,.u-palette-3-dark-2 a:hover,.u-palette-3-dark-1 a:hover,.u-palette-3 a:hover,.u-palette-3-light-1 a:hover,.u-palette-3-light-2 a:hover,.u-palette-4-base a:hover,.u-palette-4-dark-3 a:hover,.u-palette-4-dark-2 a:hover,.u-palette-4-dark-1 a:hover,.u-palette-4 a:hover,.u-palette-5-dark-3 a:hover,.u-palette-5-dark-2 a:hover,.u-palette-5-dark-1 a:hover,.u-grey-40 a:hover,.u-grey-30 a:hover,.u-grey-90 a:hover,.u-grey-80 a:hover,.u-grey-75 a:hover,.u-black a:hover,.u-grey-70 a:hover,.u-grey-60 a:hover,.u-grey-50 a:hover,.u-grey-dark-3 a:hover,.u-grey-dark-2 a:hover,.u-grey-dark-1 a:hover,.u-grey a:hover\n        {\n        color: var(--hyperlink-hover-alt-text-color);\n        }\n        .u-body-color .u-btn,.u-palette-1-base .u-btn,.u-palette-1-dark-3 .u-btn,.u-palette-1-dark-2 .u-btn,.u-palette-1-dark-1 .u-btn,.u-palette-1 .u-btn,.u-palette-2-base .u-btn,.u-palette-2-dark-3 .u-btn,.u-palette-2-dark-2 .u-btn,.u-palette-2-dark-1 .u-btn,.u-palette-2 .u-btn,.u-palette-2-light-1 .u-btn,.u-palette-3-base .u-btn,.u-palette-3-dark-3 .u-btn,.u-palette-3-dark-2 .u-btn,.u-palette-3-dark-1 .u-btn,.u-palette-3 .u-btn,.u-palette-3-light-1 .u-btn,.u-palette-3-light-2 .u-btn,.u-palette-4-base .u-btn,.u-palette-4-dark-3 .u-btn,.u-palette-4-dark-2 .u-btn,.u-palette-4-dark-1 .u-btn,.u-palette-4 .u-btn,.u-palette-5-dark-3 .u-btn,.u-palette-5-dark-2 .u-btn,.u-palette-5-dark-1 .u-btn,.u-grey-40 .u-btn,.u-grey-30 .u-btn,.u-grey-90 .u-btn,.u-grey-80 .u-btn,.u-grey-75 .u-btn,.u-black .u-btn,.u-grey-70 .u-btn,.u-grey-60 .u-btn,.u-grey-50 .u-btn,.u-grey-dark-3 .u-btn,.u-grey-dark-2 .u-btn,.u-grey-dark-1 .u-btn,.u-grey .u-btn,.u-shading .u-btn,.u-overlap-contrast .u-header .u-btn\n        {\n        background-color: var(--button-alt-background-color);\n        color: var(--button-alt-color);\n        }\n        .u-body-color .u-btn:hover,.u-palette-1-base .u-btn:hover,.u-palette-1-dark-3 .u-btn:hover,.u-palette-1-dark-2 .u-btn:hover,.u-palette-1-dark-1 .u-btn:hover,.u-palette-1 .u-btn:hover,.u-palette-2-base .u-btn:hover,.u-palette-2-dark-3 .u-btn:hover,.u-palette-2-dark-2 .u-btn:hover,.u-palette-2-dark-1 .u-btn:hover,.u-palette-2 .u-btn:hover,.u-palette-2-light-1 .u-btn:hover,.u-palette-3-base .u-btn:hover,.u-palette-3-dark-3 .u-btn:hover,.u-palette-3-dark-2 .u-btn:hover,.u-palette-3-dark-1 .u-btn:hover,.u-palette-3 .u-btn:hover,.u-palette-3-light-1 .u-btn:hover,.u-palette-3-light-2 .u-btn:hover,.u-palette-4-base .u-btn:hover,.u-palette-4-dark-3 .u-btn:hover,.u-palette-4-dark-2 .u-btn:hover,.u-palette-4-dark-1 .u-btn:hover,.u-palette-4 .u-btn:hover,.u-palette-5-dark-3 .u-btn:hover,.u-palette-5-dark-2 .u-btn:hover,.u-palette-5-dark-1 .u-btn:hover,.u-grey-40 .u-btn:hover,.u-grey-30 .u-btn:hover,.u-grey-90 .u-btn:hover,.u-grey-80 .u-btn:hover,.u-grey-75 .u-btn:hover,.u-black .u-btn:hover,.u-grey-70 .u-btn:hover,.u-grey-60 .u-btn:hover,.u-grey-50 .u-btn:hover,.u-grey-dark-3 .u-btn:hover,.u-grey-dark-2 .u-btn:hover,.u-grey-dark-1 .u-btn:hover,.u-grey .u-btn:hover,.u-shading .u-btn:hover,.u-overlap-contrast .u-header .u-btn:hover\n        {\n        background-color: var(--button-hover-alt-background-color);\n        color: var(--button-hover-alt-color);\n        }\n        .u-body-color .u-btn:active,.u-palette-1-base .u-btn:active,.u-palette-1-dark-3 .u-btn:active,.u-palette-1-dark-2 .u-btn:active,.u-palette-1-dark-1 .u-btn:active,.u-palette-1 .u-btn:active,.u-palette-2-base .u-btn:active,.u-palette-2-dark-3 .u-btn:active,.u-palette-2-dark-2 .u-btn:active,.u-palette-2-dark-1 .u-btn:active,.u-palette-2 .u-btn:active,.u-palette-2-light-1 .u-btn:active,.u-palette-3-base .u-btn:active,.u-palette-3-dark-3 .u-btn:active,.u-palette-3-dark-2 .u-btn:active,.u-palette-3-dark-1 .u-btn:active,.u-palette-3 .u-btn:active,.u-palette-3-light-1 .u-btn:active,.u-palette-3-light-2 .u-btn:active,.u-palette-4-base .u-btn:active,.u-palette-4-dark-3 .u-btn:active,.u-palette-4-dark-2 .u-btn:active,.u-palette-4-dark-1 .u-btn:active,.u-palette-4 .u-btn:active,.u-palette-5-dark-3 .u-btn:active,.u-palette-5-dark-2 .u-btn:active,.u-palette-5-dark-1 .u-btn:active,.u-grey-40 .u-btn:active,.u-grey-30 .u-btn:active,.u-grey-90 .u-btn:active,.u-grey-80 .u-btn:active,.u-grey-75 .u-btn:active,.u-black .u-btn:active,.u-grey-70 .u-btn:active,.u-grey-60 .u-btn:active,.u-grey-50 .u-btn:active,.u-grey-dark-3 .u-btn:active,.u-grey-dark-2 .u-btn:active,.u-grey-dark-1 .u-btn:active,.u-grey .u-btn:active,.u-shading .u-btn:active,.u-overlap-contrast .u-header .u-btn:active\n        {\n        background-color: var(--button-active-alt-background-color);\n        color: var(--button-active-alt-color);\n        }\n        /** alt-color-rules **/\n    </style><style id=\"font-scheme\" font-scheme=\"custom-font-family-1\" heading-font=\"Barlow\" text-font=\"'Open Sans',sans-serif\">.u-body {\n   --text-font: 'Open Sans',sans-serif;\n   --heading-font: Barlow;\n}</style>","appVersion":"5.1.5","publicUrl":null,"customDomainUrl":null,"datePublished":null,"isTrial":false,"serverSiteId":0}